min_carry_spread,momentum_weight,trend_filter_sma,atr_stop_multiplier,composite_threshold,total_return,sharpe,sortino,max_drawdown,num_trades,win_rate,profit_factor,avg_holding_days
0.02,0.5,50,2.5,0.1,-0.0007822871625353582,-0.10930909490968015,-0.1250425284931645,0.0044761734200011016,27,0.3333333333333333,0.9975136519532206,79.70370370370371
0.015,0.5,100,2.0,0.1,-0.0010131583330899594,-0.13482003371768325,-0.15408040038367846,0.004973322260630392,38,0.3157894736842105,1.0125970093797771,64.44736842105263
0.02,0.5,20,2.0,0.1,-0.0011327885153569514,-0.14719494831343255,-0.15579878297961275,0.00492576099256585,44,0.3181818181818182,1.0171232881612327,51.79545454545455
0.02,0.2,100,2.5,0.1,-0.00146229816519015,-0.1975865020936424,-0.23918386242246942,0.00479612779013541,25,0.24,0.8978960802977839,80.8
0.02,0.2,20,2.5,0.1,-0.00146229816519015,-0.1975865020936424,-0.23918386242246942,0.00479612779013541,25,0.24,0.8978960802977839,80.8
0.02,0.2,100,2.5,0.08,-0.00146229816519015,-0.1975865020936424,-0.23918386242246942,0.00479612779013541,25,0.24,0.8978960802977839,80.8
0.02,0.2,50,2.5,0.1,-0.00146229816519015,-0.1975865020936424,-0.23918386242246942,0.00479612779013541,25,0.24,0.8978960802977839,80.8
0.02,0.5,20,2.0,0.08,-0.0020453820419813564,-0.23806357056873242,-0.25013597452577463,0.006802612130237909,52,0.3076923076923077,0.9482443039238353,58.26923076923077
0.02,0.3,100,2.5,0.1,-0.0017723458973167,-0.24509865895669503,-0.2946432528983068,0.00506493241385746,27,0.2222222222222222,0.8693744639137461,72.96296296296296
0.02,0.3,50,2.5,0.1,-0.0017723458973167,-0.24509865895669503,-0.2946432528983068,0.00506493241385746,27,0.2222222222222222,0.8693744639137461,72.96296296296296
0.015,0.5,20,2.5,0.1,-0.002300771758306655,-0.2649602987841646,-0.2871921409675124,0.006439907633746398,41,0.2682926829268293,0.8918452443360427,72.63414634146342
0.01,0.5,20,2.5,0.03,-0.003243870781355654,-0.2691941961713667,-0.34154147076194125,0.007882092477070354,58,0.29310344827586204,0.8898426539419874,101.39655172413794
0.02,0.4,20,2.5,0.1,-0.002121992341005098,-0.2986543853799409,-0.33390605895090336,0.0064138852988250205,37,0.2702702702702703,0.8979336356808594,66.5945945945946
0.02,0.2,20,2.5,0.05,-0.0023224644525190524,-0.30063886466350553,-0.33696477316496487,0.005884580682553886,30,0.26666666666666666,0.8306659966678077,91.46666666666667
0.015,0.5,20,2.0,0.08,-0.002879577588921675,-0.3204591389276641,-0.334163682114521,0.00752779974060073,60,0.3,0.9029574060421438,54.46666666666667
0.005,0.5,50,2.5,0.1,-0.0028756893751623286,-0.3256454096080411,-0.4083636627381785,0.005928388105509119,40,0.275,0.8297391512681276,74.65
0.005,0.5,20,2.5,0.03,-0.004119785152337718,-0.33080324841684555,-0.41955727143033095,0.007330594418955083,58,0.27586206896551724,0.8323793519847302,99.67241379310344
0.02,0.5,20,2.5,0.08,-0.002910764884289674,-0.3317514544542892,-0.34537418423915994,0.006619745559155379,47,0.2553191489361702,0.8758842301989427,63.5531914893617
0.02,0.5,100,2.5,0.1,-0.002392751839789271,-0.3320144387840656,-0.3690829008199172,0.005034700056826796,34,0.29411764705882354,0.8427944728183785,69.6470588235294
0.01,0.2,20,2.5,0.08,-0.003981451415802003,-0.3556105634211118,-0.45600322627819456,0.007649978182483275,39,0.23076923076923078,0.7392692398042853,111.1025641025641
0.01,0.5,100,2.5,0.03,-0.004074918293552328,-0.3558859826355995,-0.43104310939573437,0.008658153845889763,61,0.2786885245901639,0.8488497964591636,93.47540983606558
0.005,0.4,20,2.5,0.05,-0.004748833065214276,-0.38373657997241334,-0.4827879582721941,0.008635662196538737,49,0.24489795918367346,0.754341774485582,110.51020408163265
0.02,0.5,50,2.0,0.08,-0.0031469975640163465,-0.3905399519159283,-0.42895854033431685,0.007036144141160106,49,0.2653061224489796,0.8396452648230486,55.91836734693877
0.01,0.5,100,2.0,0.1,-0.003312293637975381,-0.39248444458209014,-0.46451564835646564,0.0069450138392185565,48,0.2708333333333333,0.8121842073504978,58.0
0.005,0.3,50,2.5,0.1,-0.004283826690133283,-0.39479285765106564,-0.5075537412597914,0.007623092029156217,42,0.21428571428571427,0.7273049769047565,85.0
0.02,0.3,50,2.0,0.1,-0.0030286716563285155,-0.3965382814527022,-0.4501389045617206,0.006546708185831109,51,0.27450980392156865,0.8671455914918907,38.68627450980392
0.02,0.3,100,2.0,0.1,-0.0030286716563285155,-0.3965382814527022,-0.4501389045617206,0.006546708185831109,51,0.27450980392156865,0.8671455914918907,38.68627450980392
0.02,0.5,100,2.0,0.08,-0.0032830410943191965,-0.40765835780671444,-0.44775729712223394,0.007030647892725072,52,0.2692307692307692,0.8453642906235149,56.19230769230769
0.02,0.2,20,2.0,0.1,-0.0031914272276361588,-0.40802742159441846,-0.4686664562471566,0.006528969794090164,51,0.27450980392156865,0.8559646609928886,39.568627450980394
0.02,0.2,100,2.0,0.08,-0.0031914272276361588,-0.40802742159441846,-0.4686664562471566,0.006528969794090164,51,0.27450980392156865,0.8559646609928886,39.568627450980394
0.02,0.2,50,2.0,0.08,-0.0031914272276361588,-0.40802742159441846,-0.4686664562471566,0.006528969794090164,51,0.27450980392156865,0.8559646609928886,39.568627450980394
0.02,0.2,100,2.0,0.1,-0.0031914272276361588,-0.40802742159441846,-0.4686664562471566,0.006528969794090164,51,0.27450980392156865,0.8559646609928886,39.568627450980394
0.02,0.2,50,2.0,0.1,-0.0031914272276361588,-0.40802742159441846,-0.4686664562471566,0.006528969794090164,51,0.27450980392156865,0.8559646609928886,39.568627450980394
0.01,0.4,20,2.5,0.03,-0.004671178187689657,-0.40840493117952353,-0.48411913766076825,0.00980585026265693,61,0.2786885245901639,0.8114835979704442,94.63934426229508
0.02,0.3,50,2.5,0.08,-0.003089085031838913,-0.4094056256668967,-0.46826160150337404,0.005712923905896938,28,0.21428571428571427,0.7411900549216364,83.21428571428571
0.01,0.3,100,2.5,0.03,-0.004916923084451701,-0.4135314029079498,-0.49430905095344196,0.009924934070634911,59,0.2542372881355932,0.7879958900865905,93.40677966101696
0.015,0.2,100,2.5,0.08,-0.003422035703672882,-0.4135570875065019,-0.49975251205053806,0.006089145909697532,32,0.1875,0.7211457088976877,77.6875
0.02,0.5,50,2.5,0.08,-0.0034093593049027548,-0.4136599030712384,-0.4660631907968459,0.006774757746322397,37,0.21621621621621623,0.767062278029245,73.94594594594595
0.01,0.5,50,2.0,0.1,-0.0035639492746487667,-0.4172592671976861,-0.4847638598058519,0.006744160916536686,51,0.2549019607843137,0.8067611927730397,51.470588235294116
0.005,0.5,20,2.5,0.1,-0.003841137128317787,-0.4177773904024585,-0.5161341478675441,0.007032008579696955,46,0.2391304347826087,0.793895963577547,67.28260869565217
0.005,0.2,20,2.5,0.1,-0.00456521098205325,-0.4217932550888244,-0.5436790486821804,0.008038300888994867,38,0.21052631578947367,0.6809952255768955,98.13157894736842
0.005,0.2,50,2.5,0.05,-0.0051712201894859025,-0.42517615003147863,-0.5354051934141895,0.009224562618559843,50,0.26,0.7231175889904514,101.62
0.005,0.2,50,2.5,0.08,-0.005103361154453887,-0.433555647672942,-0.5542003786381036,0.009422313798387656,42,0.21428571428571427,0.6692523837253394,106.64285714285714
0.005,0.3,100,2.5,0.1,-0.0045936009879435,-0.4369127797065664,-0.5475404414044075,0.0079709015722178,42,0.19047619047619047,0.7068371232652185,78.16666666666667
0.005,0.4,20,2.5,0.03,-0.005195402111214935,-0.43709642251163905,-0.5226050224618353,0.009541382908328011,63,0.2698412698412698,0.7902058306875464,91.15873015873017
0.005,0.3,20,2.5,0.08,-0.005285956582060608,-0.4393468103198257,-0.5595756467529506,0.009048918674480816,44,0.22727272727272727,0.6856716547782841,110.5
0.01,0.2,100,2.5,0.08,-0.004756536966249696,-0.44626758104187103,-0.5545747041666919,0.00841382707223352,41,0.1951219512195122,0.6849674017808512,94.1219512195122
0.005,0.3,50,2.5,0.05,-0.005598044157013937,-0.44778775781091645,-0.5720919920606562,0.009269903274214696,49,0.22448979591836735,0.6975817307992795,104.40816326530613
0.01,0.3,20,2.5,0.1,-0.004774688454870629,-0.452898823220366,-0.5830647741163185,0.00821186260544678,40,0.2,0.672004067469548,88.225
0.01,0.4,100,2.5,0.03,-0.0052314788047416365,-0.45399552014099764,-0.526692374672355,0.010937530783859596,63,0.2698412698412698,0.7880543230122022,90.04761904761905
0.005,0.5,100,2.0,0.1,-0.004000765700629709,-0.45677885017619974,-0.5341674833393794,0.0070104661541131475,47,0.2553191489361702,0.7427431177785405,57.659574468085104
0.015,0.3,100,2.5,0.1,-0.003731207091495744,-0.45960743436643237,-0.5522349937757004,0.0063105126971318365,34,0.17647058823529413,0.7042561064567069,71.6470588235294
0.015,0.5,50,2.5,0.03,-0.005297465576903923,-0.45985990379248903,-0.5720270676465076,0.008502742360356792,63,0.2857142857142857,0.787392901344571,91.74603174603175
0.005,0.4,100,2.5,0.05,-0.005552173911809222,-0.4632420273662559,-0.5652732966231514,0.009357075597039416,51,0.21568627450980393,0.7085001242042283,97.17647058823529
0.02,0.4,50,2.0,0.1,-0.00323103262631339,-0.4632992071918314,-0.5187518513863455,0.006502371446702462,40,0.275,0.791662197342826,51.9
0.01,0.5,50,2.5,0.1,-0.004210503329232743,-0.46740336312908337,-0.573772420588427,0.007259157818593508,40,0.25,0.7053058821066158,74.625
0.01,0.5,50,2.5,0.08,-0.0050251796126631965,-0.4713566322831232,-0.5859850133925943,0.0092434514552838,46,0.21739130434782608,0.6915933818493586,88.78260869565217
0.005,0.3,20,2.5,0.05,-0.0060398879990268325,-0.4743717609072417,-0.601225516569713,0.009467470580869199,52,0.23076923076923078,0.6903318171715147,106.01923076923077
0.015,0.5,100,2.0,0.08,-0.0039786451714581925,-0.47460279711154996,-0.5156573600710748,0.008062085939467735,59,0.2542372881355932,0.8189415422827134,52.50847457627118
0.01,0.4,50,2.5,0.05,-0.005561989384722256,-0.47467368769102675,-0.5784592663486102,0.009340897944061722,51,0.23529411764705882,0.7071781950781307,97.31372549019608
0.005,0.2,50,2.5,0.1,-0.0050070638512993175,-0.47484132801194523,-0.6156223171838202,0.008408517754736824,39,0.20512820512820512,0.6492903048438188,91.38461538461539
0.01,0.2,50,2.5,0.1,-0.0050070638512993175,-0.47484132801194523,-0.6156223171838202,0.008408517754736824,39,0.20512820512820512,0.6492903048438188,91.38461538461539
0.005,0.3,100,2.5,0.05,-0.0059357589292751796,-0.478344257246562,-0.6015819809688678,0.008879580228872622,50,0.22,0.6823133698967289,99.12
0.015,0.4,20,2.5,0.1,-0.003940589484480297,-0.4791712416740199,-0.5343860579010441,0.008127983382432999,43,0.23255813953488372,0.7765771137400961,70.83720930232558
0.005,0.4,50,2.5,0.05,-0.005859413309286028,-0.4799267189835092,-0.5998693923561899,0.009325289197334592,52,0.23076923076923078,0.6967595427994978,100.82692307692308
0.01,0.5,20,2.0,0.1,-0.004420979264128109,-0.48043603045275235,-0.5299243811181091,0.007784919217441626,56,0.25,0.7678860771947899,49.69642857142857
0.015,0.3,20,2.5,0.05,-0.004889312079258961,-0.481709018288584,-0.5582340234541621,0.007691106757325166,47,0.2553191489361702,0.7333269271730662,88.93617021276596
0.005,0.2,100,2.5,0.08,-0.005556535010252847,-0.48428712126415546,-0.5870931862473548,0.009794062853347135,43,0.18604651162790697,0.6431460248973915,95.23255813953489
0.005,0.2,100,2.5,0.03,-0.006320202809935436,-0.4857256455424578,-0.6032904960848788,0.010089128994040061,61,0.2459016393442623,0.7262431878829582,87.0
0.015,0.5,20,2.5,0.03,-0.0056789246502179595,-0.4928089460628333,-0.6188472527732226,0.008952640309875616,64,0.28125,0.770374387970319,91.640625
0.01,0.2,50,2.5,0.03,-0.006319092386686679,-0.495138707635165,-0.6015232956607198,0.010323074750418345,58,0.2413793103448276,0.7076914206842465,88.87931034482759
0.01,0.3,20,2.5,0.05,-0.006007647148193064,-0.49894249080064706,-0.6140063581415658,0.009415192315024619,49,0.22448979591836735,0.6688049530054886,103.73469387755102
0.01,0.3,50,2.5,0.05,-0.005954913402815146,-0.5002466298931423,-0.6160498557781778,0.009295099260677049,47,0.2127659574468085,0.6569400887445122,101.14893617021276
0.01,0.3,20,2.5,0.08,-0.005593082521653123,-0.505115299908441,-0.6253196245696108,0.008686167142659696,42,0.21428571428571427,0.6476559252629175,106.57142857142857
0.01,0.3,50,2.5,0.1,-0.005313111322171608,-0.5100975493925979,-0.6549727987992933,0.008649942194138826,41,0.1951219512195122,0.633591280576716,83.6829268292683
0.015,0.5,50,2.5,0.08,-0.004689840393330233,-0.5106841480270744,-0.5795663890409439,0.008121542291874204,42,0.21428571428571427,0.6896468467583644,79.07142857142857
0.02,0.4,100,2.5,0.05,-0.004595897797963698,-0.5115637443547076,-0.5965507393370548,0.007753898004719759,47,0.23404255319148937,0.7613900570266322,80.04255319148936
0.005,0.2,100,2.5,0.1,-0.005243005067959311,-0.5127632880533571,-0.6421802500487063,0.008706119653283953,39,0.1794871794871795,0.6319882263469151,82.23076923076923
0.015,0.2,20,2.0,0.08,-0.0044881869613970045,-0.5169628593030954,-0.5975979824030313,0.007733382874613307,61,0.26229508196721313,0.7990238417018304,42.59016393442623
0.015,0.3,50,2.0,0.1,-0.004306550188988331,-0.5240514243710734,-0.6077255466839973,0.007648919724271776,61,0.26229508196721313,0.8068196309503038,38.540983606557376
0.005,0.2,50,2.0,0.05,-0.006124901930974593,-0.5254251241967455,-0.6373936152943602,0.009336066152621805,89,0.2696629213483146,0.8171478938338549,52.02247191011236
0.015,0.2,100,2.0,0.08,-0.004441329133323598,-0.5267025922317222,-0.6134881347136502,0.007646373208713657,60,0.25,0.7982707585770215,39.13333333333333
0.015,0.2,100,2.0,0.1,-0.004441329133323598,-0.5267025922317222,-0.6134881347136502,0.007646373208713657,60,0.25,0.7982707585770215,39.13333333333333
0.02,0.4,20,2.5,0.08,-0.0044445164615490645,-0.5274465508185195,-0.5496704802616375,0.007629233432246933,46,0.2391304347826087,0.7674991049457631,60.56521739130435
0.01,0.2,20,2.5,0.05,-0.006107946043847624,-0.5276568905157305,-0.6494365137434158,0.009766926755496147,49,0.24489795918367346,0.6515640146429518,98.12244897959184
0.005,0.5,20,2.0,0.08,-0.005420579326024017,-0.5298895387164175,-0.6046284865993532,0.009360401664373746,74,0.25675675675675674,0.7768689758221028,50.78378378378378
0.005,0.3,100,2.5,0.08,-0.0061556077900869425,-0.535478343982948,-0.6451754639574805,0.009700282491748488,46,0.1956521739130435,0.635700248044822,93.95652173913044
0.01,0.3,100,2.5,0.05,-0.006239159773676511,-0.5367708950025293,-0.6600175472643471,0.009142179376734396,48,0.20833333333333334,0.6446765349240211,101.27083333333333
0.01,0.5,20,2.5,0.1,-0.00517718762902703,-0.5369887895278159,-0.6190126308154852,0.008363821717852942,46,0.21739130434782608,0.6906845358868439,67.26086956521739
0.015,0.4,20,2.0,0.1,-0.004146381329625874,-0.5385418205136819,-0.6187860410459339,0.007620624340405763,51,0.2549019607843137,0.7695704248866427,47.705882352941174
0.015,0.2,50,2.5,0.05,-0.0048872737585283176,-0.5390907353473173,-0.6119893811042845,0.007491602420546654,40,0.25,0.6664846938067279,80.8
0.015,0.2,100,2.5,0.05,-0.0048872737585283176,-0.5390907353473173,-0.6119893811042845,0.007491602420546654,40,0.25,0.6664846938067279,80.8
0.015,0.4,20,2.5,0.08,-0.005302921433984884,-0.5398791621293041,-0.5815094743365701,0.00846929153611567,54,0.24074074074074073,0.7484541270919172,66.29629629629629
0.005,0.5,20,2.0,0.05,-0.006288855847183586,-0.5460540616745566,-0.630052238483535,0.010341912322672628,87,0.27586206896551724,0.7925024940711831,57.12643678160919
0.01,0.5,100,2.0,0.05,-0.006113831677424896,-0.548149227006733,-0.6344552489327651,0.010774266773569217,82,0.2682926829268293,0.7849682683368114,58.28048780487805
0.005,0.4,20,2.5,0.1,-0.005816638901215047,-0.5483674451658905,-0.6246074358774186,0.009830384426335272,48,0.20833333333333334,0.6776278643253658,73.1875
0.005,0.5,50,2.0,0.05,-0.006216157957718387,-0.5484297522970984,-0.6449044099878408,0.010598805545932441,87,0.27586206896551724,0.7947401520942512,55.51724137931034
0.02,0.3,100,2.5,0.03,-0.005188575432676298,-0.5493624084938684,-0.6451935481677106,0.009056718519981773,52,0.23076923076923078,0.7470397262612442,87.11538461538461
0.01,0.3,50,2.5,0.08,-0.006027278157189721,-0.5572880074787531,-0.6874539511236,0.009049177103986538,43,0.20930232558139536,0.6206955011423958,100.30232558139535
0.02,0.2,50,2.5,0.03,-0.005176526290939509,-0.5618422766474744,-0.6245107367549044,0.007475961333911219,39,0.20512820512820512,0.657884548522987,80.43589743589743
0.02,0.4,20,2.5,0.05,-0.005220445727645711,-0.5631539454172978,-0.6639013613102261,0.0080398489882687,46,0.21739130434782608,0.7098924389967317,76.28260869565217
0.02,0.5,100,1.5,0.1,-0.003877382207537594,-0.5654306424772533,-0.6014475895604114,0.0064111130765303215,73,0.273972602739726,0.8538469988261642,27.52054794520548
0.01,0.5,20,2.0,0.08,-0.005779305659409728,-0.5665876233137369,-0.6250714657487785,0.009484464053204801,68,0.25,0.7280787963572466,52.794117647058826
0.02,0.3,20,2.0,0.08,-0.004544649148139288,-0.5728475014730652,-0.6209345443426552,0.007256548973814836,54,0.25925925925925924,0.7728168348243146,42.833333333333336
0.02,0.3,50,2.0,0.08,-0.004544649148139288,-0.5728475014730652,-0.6209345443426552,0.007256548973814836,54,0.25925925925925924,0.7728168348243146,42.833333333333336
0.02,0.3,20,2.0,0.05,-0.005393930336615885,-0.5741434446359115,-0.6084747800893008,0.009565815484226973,67,0.26865671641791045,0.7761363415906982,50.38805970149254
0.02,0.2,20,2.0,0.03,-0.005517539274317242,-0.5751340395346339,-0.6113983904315764,0.009502462837125594,67,0.26865671641791045,0.7699403700619922,51.07462686567164
0.02,0.5,50,1.5,0.1,-0.004010443256782018,-0.5763455005749355,-0.570362471166944,0.006436810183864836,74,0.2702702702702703,0.8471003314515952,26.472972972972972
0.005,0.4,50,2.0,0.03,-0.006697372023854841,-0.5778641882457791,-0.6841914211575044,0.010438420560128652,107,0.27102803738317754,0.8393535833705263,50.822429906542055
0.005,0.3,50,2.0,0.03,-0.007213587086575426,-0.5780533528352199,-0.694086380506007,0.011456855915741903,109,0.28440366972477066,0.822158728535326,49.44954128440367
0.02,0.5,100,2.5,0.08,-0.004714117880814155,-0.579860462773623,-0.6617555813309566,0.006706531840360525,40,0.2,0.6841925532260893,74.65
0.015,0.3,100,2.0,0.03,-0.006102168524913868,-0.5877152468982749,-0.6793940543288132,0.010549673473915559,92,0.2826086956521739,0.8269322231055989,52.83695652173913
0.02,0.3,100,2.0,0.05,-0.005542538240166468,-0.5887668927895167,-0.6075400226161056,0.009627101111691579,66,0.25757575757575757,0.7639155913611255,50.121212121212125
0.005,0.5,100,2.5,0.05,-0.006655734938017413,-0.5937482958885896,-0.6864844743310022,0.010721503479911342,63,0.2222222222222222,0.7223826007020598,81.28571428571429
0.02,0.3,20,2.0,0.03,-0.005830553030322626,-0.5945917433576711,-0.6866032186343823,0.010144274345633558,87,0.27586206896551724,0.8254923710233227,50.666666666666664
0.005,0.3,20,2.5,0.03,-0.007342751962294133,-0.5957837984937709,-0.7201927118971615,0.01110073019714832,64,0.21875,0.6803319376112946,88.53125
0.005,0.3,50,2.0,0.05,-0.007082193918596022,-0.5965052226248391,-0.7310569045078489,0.01060194395857056,91,0.26373626373626374,0.7743432444563807,52.34065934065934
0.015,0.3,100,2.5,0.08,-0.005046221404965763,-0.597100106444735,-0.6826768988490858,0.007005062182392583,35,0.17142857142857143,0.6165627564041612,79.88571428571429
0.015,0.4,100,2.5,0.05,-0.006102012392605539,-0.5972384357786558,-0.7080945138022233,0.009212146126642536,53,0.20754716981132076,0.6920432379164184,80.30188679245283
0.005,0.4,20,2.0,0.1,-0.005797842467995652,-0.6003725204634828,-0.6895207032873619,0.008647621326140126,60,0.25,0.7037007961466831,50.28333333333333
0.02,0.2,100,2.0,0.03,-0.005682919012916245,-0.6003948435629519,-0.6210015702326175,0.009567763392220612,66,0.25757575757575757,0.7572235886847767,51.121212121212125
0.01,0.5,50,2.0,0.03,-0.006907169439082645,-0.6072098302828998,-0.7280729502945147,0.011341109608599447,107,0.27102803738317754,0.8293120075278747,50.93457943925234
0.015,0.2,50,2.0,0.08,-0.00516014234464601,-0.6095860874732839,-0.7094998786965846,0.008157296204666984,64,0.25,0.763721877069741,38.265625
0.01,0.5,20,2.0,0.05,-0.0069092129504632616,-0.6154318702705729,-0.7137991236416947,0.010663364493574924,88,0.2727272727272727,0.7662659920684863,57.05681818181818
0.02,0.3,50,2.0,0.05,-0.00586609544499588,-0.6172404885925538,-0.6409049607191792,0.009627101111474953,64,0.25,0.7341623373431126,49.703125
0.015,0.3,100,2.0,0.05,-0.006110302881160897,-0.6172405260468595,-0.6418375309589796,0.010362336793193785,73,0.2602739726027397,0.7565182593295412,50.082191780821915
0.01,0.2,100,2.0,0.03,-0.008099988374764652,-0.6174759567840659,-0.6888918026310784,0.013011331174726297,95,0.2631578947368421,0.7503876175190325,55.33684210526316
0.01,0.3,20,2.0,0.03,-0.007693585598319041,-0.6196738876746541,-0.7133875094621225,0.012210371527790753,101,0.27722772277227725,0.779735313285333,54.2970297029703
0.005,0.4,50,2.5,0.1,-0.006537118907115801,-0.6203647311343512,-0.6976238278222134,0.010656180689391514,45,0.2,0.6101450814567495,77.31111111111112
0.005,0.2,50,2.0,0.08,-0.006960119519184082,-0.623684678249683,-0.7595076695024637,0.010695656881052293,83,0.25301204819277107,0.7481837817558724,46.626506024096386
0.015,0.2,20,2.5,0.03,-0.006105519966400316,-0.6247894382302017,-0.6956009831140318,0.008679706291420326,51,0.23529411764705882,0.6770470068386149,76.96078431372548
0.01,0.3,20,2.5,0.03,-0.007336091401044978,-0.6259190605311375,-0.7520672288006487,0.011188321246442128,60,0.21666666666666667,0.6531664368481286,94.93333333333334
0.015,0.3,50,2.5,0.08,-0.005493008932058001,-0.6259850295496401,-0.7382925445195694,0.007679678803730023,37,0.1891891891891892,0.5962884897966182,85.35135135135135
0.01,0.4,20,2.0,0.1,-0.005793831761190522,-0.6290202004256618,-0.7585520754747694,0.008643622115615939,60,0.25,0.7039078301172912,49.71666666666667
0.005,0.4,50,2.0,0.1,-0.005959905358012038,-0.6290929495145628,-0.7114142347883008,0.009065186408799195,57,0.24561403508771928,0.680042481516509,51.771929824561404
0.02,0.2,20,2.0,0.05,-0.005229810871910013,-0.6302791408977169,-0.6919358843426692,0.007994067680125639,56,0.25,0.7372892471435195,43.535714285714285
0.01,0.2,20,2.0,0.08,-0.006974370637181856,-0.6338837838508043,-0.7769773702487343,0.010371615281442838,77,0.24675324675324675,0.7250837140890157,51.96103896103896
0.02,0.4,100,2.0,0.08,-0.0053798308444113355,-0.6366901442279166,-0.6789495802710354,0.009307610633026483,56,0.25,0.7168140089340236,46.94642857142857
0.005,0.2,100,2.0,0.05,-0.007609905281481915,-0.6369546394399609,-0.7476307751752602,0.010201843376093,88,0.25,0.7408263461172666,52.67045454545455
0.01,0.2,50,2.0,0.05,-0.0072775986457146065,-0.6385182009858477,-0.7530679407861669,0.010053712887357461,83,0.25301204819277107,0.7407434406373702,53.48192771084337
0.015,0.3,20,2.0,0.05,-0.006393789002323465,-0.6401219149860546,-0.6878378031932456,0.010405360560742979,75,0.26666666666666666,0.750635255884147,51.32
0.015,0.4,50,2.5,0.1,-0.0054161269615292254,-0.6470266727662339,-0.7251809917301207,0.008957534045237732,40,0.2,0.6429900115942131,71.6
0.015,0.5,100,2.5,0.08,-0.005655693817824067,-0.6470416859696226,-0.7161635679665285,0.008039361646630426,44,0.18181818181818182,0.6368780093288346,74.06818181818181
0.015,0.5,50,2.0,0.05,-0.006421279953395424,-0.6474493806837477,-0.7430459970263463,0.010501884919107111,88,0.2727272727272727,0.7906562589055746,50.36363636363637
0.01,0.4,50,2.5,0.1,-0.006532141074765241,-0.6482433119894936,-0.7629497238713226,0.010651223495958576,45,0.2,0.6103711114938849,76.55555555555556
0.01,0.5,20,2.0,0.03,-0.007517210962139215,-0.653147191936572,-0.7787096747831864,0.01199450270449545,109,0.26605504587155965,0.8090043859641491,51.11009174311926
0.005,0.4,20,2.0,0.03,-0.007983464420820529,-0.6536787645812464,-0.7448923271091559,0.011217367934071514,114,0.2631578947368421,0.8063824633944175,48.578947368421055
0.02,0.5,20,2.0,0.05,-0.0063658984972140755,-0.6564396289863779,-0.7395288386101163,0.010296886377337328,83,0.26506024096385544,0.7798256867531195,51.48192771084337
0.005,0.4,50,2.5,0.08,-0.007713699566594732,-0.6586023815851337,-0.7972144264195955,0.011764812023828978,60,0.21666666666666667,0.645663975091961,76.56666666666666
0.01,0.2,50,2.0,0.03,-0.008736379020151216,-0.6586171545011738,-0.7397808928350712,0.013011129426655907,94,0.2553191489361702,0.7189356285580841,54.87234042553192
0.005,0.3,20,2.0,0.05,-0.008069269087206631,-0.6624403132829797,-0.7980484272772518,0.011683954677214888,94,0.2553191489361702,0.7394378158765331,54.776595744680854
0.015,0.2,50,2.5,0.03,-0.006619870979187981,-0.6641387703685798,-0.7237913673216112,0.008783383183986403,48,0.20833333333333334,0.6237407142294044,77.27083333333333
0.01,0.2,20,2.0,0.1,-0.007020703425633546,-0.66805314165492,-0.8152713092597644,0.010126352196778331,71,0.23943661971830985,0.6954191195010587,47.014084507042256
0.005,0.2,20,2.0,0.1,-0.007020703425633546,-0.66805314165492,-0.8152713092597644,0.010126352196778331,71,0.23943661971830985,0.6954191195010587,47.014084507042256
0.015,0.5,50,1.5,0.1,-0.004928033959257882,-0.6685839987459342,-0.6629953933668826,0.007387129674123363,82,0.25609756097560976,0.8083726497680735,26.158536585365855
0.015,0.3,100,2.0,0.08,-0.005793451221330761,-0.6783534845668452,-0.7456182343725758,0.008373522526415678,63,0.23809523809523808,0.7291507967226721,41.95238095238095
0.01,0.5,100,2.5,0.08,-0.006863777541272721,-0.6805297205081815,-0.8283086622595761,0.009885748650591044,51,0.17647058823529413,0.6049087918180527,78.15686274509804
0.01,0.5,50,2.0,0.08,-0.0065773766305038586,-0.6806256479285996,-0.8010787473679739,0.01035844186683988,66,0.22727272727272727,0.6724414639348493,50.39393939393939
0.005,0.3,20,2.0,0.1,-0.007219720733298018,-0.6813376549867491,-0.7861734220635296,0.01025473351527379,72,0.2361111111111111,0.683612870614065,43.72222222222222
0.01,0.3,50,2.0,0.1,-0.006894059930949734,-0.6874966417070645,-0.8309300713948442,0.009859263979998152,71,0.23943661971830985,0.6949418725664149,42.690140845070424
0.01,0.2,100,2.0,0.08,-0.007313841312712466,-0.6903657823721717,-0.8345701382895107,0.010528287399348085,74,0.22972972972972974,0.6933542314278627,48.648648648648646
0.005,0.4,100,2.5,0.1,-0.007224660327136225,-0.701603264744362,-0.7761193900483617,0.010979306246741916,46,0.1956521739130435,0.581492123133187,71.56521739130434
0.015,0.3,20,2.0,0.08,-0.0061398571523957075,-0.7033635677910234,-0.7720334472432637,0.00887264787902757,65,0.24615384615384617,0.7177170247770825,44.41538461538462
0.02,0.5,20,2.5,0.03,-0.007409836137173115,-0.7064607015539897,-0.8666638978716636,0.0106982271412706,72,0.2638888888888889,0.7092179513404419,78.70833333333333
0.01,0.2,100,2.0,0.05,-0.008144533081563278,-0.7095664242305851,-0.8136924298084812,0.010918223126139107,81,0.2345679012345679,0.688260254578786,54.28395061728395
0.015,0.4,100,2.0,0.08,-0.0064317898450352365,-0.7150035803165792,-0.772527272433267,0.010226997077312712,64,0.234375,0.687511440493877,46.125
0.02,0.5,50,2.5,0.03,-0.007517879804738913,-0.7171227620178179,-0.8731488229663564,0.010806325225091177,70,0.2571428571428571,0.6973951223738941,80.35714285714286
0.01,0.4,20,2.0,0.03,-0.00858895103891482,-0.7194249813336616,-0.8059730444758159,0.01273101641196278,113,0.25663716814159293,0.7800822332341181,49.2212389380531
0.02,0.3,20,2.5,0.03,-0.00680424298734506,-0.7205715119831766,-0.8579161917064343,0.009871502446593624,54,0.2037037037037037,0.6560979670767593,84.0925925925926
0.005,0.4,100,2.5,0.08,-0.007965709658462583,-0.7229073921735447,-0.8305644092078804,0.01130793946505573,60,0.2,0.6352085097818181,67.66666666666667
0.005,0.3,100,2.0,0.05,-0.008804535576419584,-0.7238360439779492,-0.836863775327141,0.01174445609904406,91,0.24175824175824176,0.6920584861847926,51.32967032967033
0.01,0.3,100,2.0,0.05,-0.00852286375432057,-0.7265484932980076,-0.8115631315131374,0.01229204015607048,84,0.23809523809523808,0.679464802595774,54.416666666666664
0.005,0.4,100,2.0,0.1,-0.006952030569111084,-0.7320884012576744,-0.827295712027109,0.00968033338206289,59,0.23728813559322035,0.6363488684571584,49.779661016949156
0.015,0.2,50,2.0,0.03,-0.007647051814255683,-0.7329497959229813,-0.7512509533209474,0.010786120619683435,74,0.24324324324324326,0.6811849394149678,51.108108108108105
0.01,0.3,20,2.0,0.05,-0.008866975513502257,-0.7344511101322887,-0.8480426769153301,0.012396051301530084,87,0.2413793103448276,0.6781047774702201,56.98850574712644
0.01,0.4,50,2.0,0.05,-0.008756909134160377,-0.736686227670468,-0.8439022735202515,0.01200356131460058,92,0.2391304347826087,0.7021590023186893,50.26086956521739
0.01,0.4,50,2.5,0.08,-0.008240461546079023,-0.7384826815416877,-0.8478710269438128,0.011669175059918355,59,0.2033898305084746,0.6093939888624901,72.08474576271186
0.01,0.5,100,2.0,0.03,-0.008669315738621081,-0.7546802306909896,-0.866898654201308,0.01305398446372197,105,0.24761904761904763,0.7497450240502925,51.27619047619048
0.02,0.4,100,2.5,0.08,-0.006485590772883442,-0.755117892545714,-0.7993960202059562,0.009052023530259124,46,0.1956521739130435,0.6376502444820134,59.52173913043478
0.01,0.3,100,2.0,0.1,-0.007592276967790094,-0.7619027803950017,-0.909275425646289,0.010473652300473426,72,0.2222222222222222,0.6664780140460316,40.625
0.015,0.3,50,2.0,0.08,-0.006511613980365364,-0.7627100223891609,-0.8409373836119935,0.009031330889684719,67,0.23880597014925373,0.7004457416713337,40.95522388059702
0.01,0.3,20,2.0,0.08,-0.008362735241638584,-0.7668821276277497,-0.8956767055769255,0.011426479932949042,77,0.23376623376623376,0.658951926486808,50.20779220779221
0.01,0.4,100,2.0,0.1,-0.0069482562218338715,-0.7686945769143047,-0.9115774719545742,0.009676569404438168,59,0.23728813559322035,0.6365173904173423,49.20338983050848
0.01,0.2,100,2.0,0.1,-0.00792522761930144,-0.7746577711363288,-0.941288121448476,0.01095327323914513,73,0.2191780821917808,0.6567856663550399,41.32876712328767
0.02,0.5,20,2.0,0.03,-0.008289456776982989,-0.7762207409991506,-0.9118080798940457,0.012463910277647778,110,0.2636363636363636,0.7776884505804056,49.50909090909091
0.015,0.5,20,2.5,0.05,-0.008150788935394376,-0.777486735872517,-0.9077877616577946,0.010817799538002102,69,0.21739130434782608,0.6797730586307081,74.07246376811594
0.01,0.2,50,2.0,0.1,-0.008004887555573078,-0.7782143771687877,-0.9661073575963252,0.01094977596545123,75,0.22666666666666666,0.6575088175231418,42.77333333333333
0.005,0.2,50,2.0,0.1,-0.008004887555573078,-0.7782143771687877,-0.9661073575963252,0.01094977596545123,75,0.22666666666666666,0.6575088175231418,42.77333333333333
0.015,0.4,100,2.5,0.03,-0.008159506317892229,-0.7825528161924421,-0.9454065289562965,0.011717196859711279,72,0.25,0.6863950208141906,76.27777777777777
0.02,0.5,100,2.5,0.05,-0.007605632077534392,-0.7957125955158957,-0.903159323559737,0.011176751201747681,66,0.21212121212121213,0.6981103520933662,66.92424242424242
0.02,0.5,50,2.0,0.03,-0.008590932533552842,-0.8065174289030402,-0.9436316549996239,0.012516530951442426,109,0.25688073394495414,0.7642429324505194,48.77064220183486
0.02,0.5,100,2.5,0.03,-0.008183474482472084,-0.8140572490413142,-0.9634665792513201,0.01148302107608609,72,0.25,0.6782899418695707,76.29166666666667
0.015,0.4,100,2.0,0.05,-0.008072644720463722,-0.8148296396361849,-0.8949478098389486,0.011188029549686004,87,0.22988505747126436,0.7188780676465074,41.93103448275862
0.01,0.4,100,2.5,0.08,-0.008933381666619535,-0.8227631775105544,-0.9078167907642011,0.011897887533349617,60,0.18333333333333332,0.5850827758731466,69.85
0.005,0.5,50,1.5,0.1,-0.00673684799088951,-0.8292151951441152,-0.9207562306887531,0.008546474295191531,97,0.24742268041237114,0.7555130578810691,25.670103092783506
0.015,0.4,50,2.0,0.08,-0.007636707333787635,-0.8369112238833696,-0.9041612416666325,0.010893154885995245,67,0.22388059701492538,0.6232970608506561,43.582089552238806
0.015,0.5,50,2.0,0.03,-0.00918620390097567,-0.8402567279587008,-1.0045412372724956,0.012728610136130853,111,0.25225225225225223,0.7438430230144002,48.693693693693696
0.02,0.5,50,1.0,0.1,-0.00494484207927002,-0.8444290257987085,-0.9941632806729843,0.006791871542992988,146,0.3082191780821918,0.9612188275792375,10.479452054794521
0.005,0.5,50,1.5,0.08,-0.007909759153397318,-0.8516052586614418,-1.0430481883899125,0.011717086479091558,118,0.2457627118644068,0.7670089703423416,25.305084745762713
0.005,0.4,50,2.0,0.08,-0.009123854725032726,-0.857847722617193,-1.008562295707259,0.011999041404287227,81,0.2222222222222222,0.6205045581912358,45.74074074074074
0.015,0.5,20,1.5,0.08,-0.007763083683402656,-0.8635683026874236,-0.9043787994876337,0.010814386205649867,110,0.2545454545454545,0.7542146272021791,23.772727272727273
0.02,0.5,100,2.0,0.03,-0.009031596840692364,-0.8715071469997677,-0.9867594832981849,0.013065437601415333,104,0.25,0.7329060773902429,50.94230769230769
0.02,0.3,100,1.5,0.1,-0.006646001159096195,-0.8771702935937585,-1.0332874526955995,0.008979352661669366,90,0.24444444444444444,0.7510295902360472,21.81111111111111
0.015,0.4,100,2.5,0.08,-0.008437790056825762,-0.8830367999942117,-0.9278518176314551,0.010857609358351514,53,0.16981132075471697,0.5667580066400163,60.45283018867924
0.015,0.4,50,2.0,0.05,-0.008962111413962994,-0.8842462709708905,-0.9833094432123385,0.011626649132435392,88,0.22727272727272727,0.6794222341707233,41.35227272727273
0.02,0.2,50,1.5,0.08,-0.006927005823974614,-0.8918081034247058,-1.0751646171597053,0.009402704548306285,94,0.24468085106382978,0.7492958208326483,21.46808510638298
0.015,0.5,100,2.0,0.03,-0.009753374343771284,-0.8993718427437755,-1.0607812614357954,0.013252149867923281,110,0.24545454545454545,0.719410020076427,48.72727272727273
0.01,0.4,100,2.0,0.08,-0.00923382185855924,-0.9005472106234935,-1.0226678155843,0.012175671626408589,76,0.21052631578947367,0.5994186492323671,46.19736842105263
0.01,0.5,20,1.5,0.08,-0.008864643609087071,-0.9041320304051441,-1.0328516433704495,0.011746761536199066,121,0.24793388429752067,0.736692437482765,24.56198347107438
0.005,0.4,20,1.5,0.1,-0.008405921171321388,-0.9076564125870998,-1.0247331194484324,0.011107394021497774,110,0.2545454545454545,0.7309894282790077,25.645454545454545
0.005,0.5,20,1.5,0.1,-0.007589047968275118,-0.910709566012329,-1.0033148542771355,0.00942829019133238,104,0.25,0.7401920456216365,24.990384615384617
0.01,0.4,20,2.0,0.08,-0.009639446513798321,-0.9119497548922295,-1.0394103702868545,0.011782561677949964,76,0.21052631578947367,0.5726769521667189,47.4078947368421
0.005,0.2,50,1.5,0.05,-0.010210002473737696,-0.9139147029016677,-1.1571579906210534,0.012206384583631817,154,0.2597402597402597,0.7704099605372006,28.0
0.02,0.5,20,2.5,0.05,-0.008777406159214733,-0.9174682111267481,-1.055881940381949,0.011737928240846667,67,0.19402985074626866,0.6422447272225722,65.98507462686567
0.01,0.5,100,1.5,0.08,-0.008740511667476095,-0.9222506839166996,-1.0572307228564262,0.010978539204281145,116,0.23275862068965517,0.7225890775273905,24.594827586206897
0.005,0.5,100,1.5,0.08,-0.008560148951251177,-0.9252705001525976,-1.1186713251214817,0.010880426222452179,120,0.23333333333333334,0.7423089986213037,24.233333333333334
0.02,0.5,100,1.5,0.08,-0.007774521393894538,-0.925712767742002,-0.994796859679485,0.009805078165584923,95,0.23157894736842105,0.7007444372829787,23.94736842105263
0.02,0.4,20,2.5,0.03,-0.009358051203584619,-0.9289017253052084,-1.0961074522753986,0.012033171679993565,73,0.2328767123287671,0.630431762677969,74.89041095890411
0.02,0.4,20,1.5,0.1,-0.006647121168955055,-0.9303760604579179,-1.0113071283067931,0.00969393297138577,86,0.2558139534883721,0.7341942060613649,24.046511627906977
0.01,0.4,50,2.0,0.08,-0.009848206767908414,-0.9424289110501035,-1.0738469541824873,0.012378546521805124,77,0.2077922077922078,0.5646787406809396,45.714285714285715
0.015,0.3,20,1.5,0.1,-0.007722728738012666,-0.9448268547099574,-1.1355048545165902,0.009830505937001202,100,0.24,0.7242766024646583,23.47
0.005,0.2,20,1.5,0.08,-0.010321183604158577,-0.9485220913839821,-1.2014040881090688,0.013755235926062122,141,0.24822695035460993,0.7374199045574594,24.907801418439718
0.02,0.4,20,2.0,0.03,-0.009871470029013145,-0.9523815441342133,-1.1430515053502777,0.012631086089884726,112,0.24107142857142858,0.7301650057761301,47.089285714285715
0.01,0.5,20,1.5,0.1,-0.008147851790115674,-0.9551046214207071,-1.0040933909569327,0.00998605837810534,103,0.24271844660194175,0.7055378810939777,24.990291262135923
0.015,0.5,100,1.5,0.08,-0.008458154087709262,-0.960195056709086,-1.0230332751156535,0.010678067661375749,103,0.22330097087378642,0.6897540853684802,24.233009708737864
0.015,0.2,100,1.5,0.08,-0.008190483648383233,-0.9775711227461491,-1.1851658390914712,0.010294088872511688,104,0.23076923076923078,0.7142995154165971,22.375
0.015,0.2,100,1.5,0.1,-0.008190483648383233,-0.9775711227461491,-1.1851658390914712,0.010294088872511688,104,0.23076923076923078,0.7142995154165971,22.375
0.01,0.2,100,1.5,0.08,-0.009947811569846818,-0.9788267735480756,-1.2668637697083824,0.0127535712128637,129,0.24031007751937986,0.7192442111284052,24.310077519379846
0.005,0.3,100,1.5,0.1,-0.010035196761987318,-1.0003045466369234,-1.2000321675630763,0.012116507650926655,118,0.2288135593220339,0.6842203605515148,24.3135593220339
0.01,0.2,50,1.5,0.08,-0.01014864285661999,-1.000893550201385,-1.3109794783719768,0.012686069289391722,132,0.24242424242424243,0.7165592862514523,24.575757575757574
0.005,0.3,20,1.5,0.1,-0.01011491482803016,-1.0048591023937294,-1.226769632997492,0.012103729984182153,119,0.23529411764705882,0.6841177767670543,25.134453781512605
0.005,0.3,20,1.5,0.08,-0.010586946946038369,-1.0056083879905744,-1.3342937497553644,0.013892539439607988,136,0.2426470588235294,0.7178987268579023,25.823529411764707
0.01,0.3,100,1.5,0.08,-0.010304060619647644,-1.0060645651826332,-1.2789312098133936,0.013075789619992728,127,0.23622047244094488,0.7013385519470481,24.929133858267715
0.02,0.3,100,1.5,0.08,-0.00796174510606652,-1.012225797142915,-1.1927155541430008,0.01043512634216822,97,0.23711340206185566,0.7087121874682846,21.432989690721648
0.01,0.2,20,1.5,0.1,-0.010190103924514405,-1.014079482697257,-1.3371503421391986,0.01272049443431631,124,0.23387096774193547,0.6941751733214223,25.830645161290324
0.005,0.2,20,1.5,0.1,-0.010190103924514405,-1.014079482697257,-1.3371503421391986,0.01272049443431631,124,0.23387096774193547,0.6941751733214223,25.830645161290324
0.01,0.4,50,1.5,0.05,-0.010882057323902555,-1.0181981094524035,-1.2801301811796568,0.013620457339818358,149,0.2483221476510067,0.7403214206168679,25.348993288590606
0.02,0.4,100,1.5,0.1,-0.007145500985632971,-1.0275275621945685,-1.1335803676363874,0.009536561687511604,82,0.24390243902439024,0.6880571821833992,25.036585365853657
0.015,0.4,50,1.5,0.1,-0.00750463049454178,-1.0300012152914235,-1.1256082978544657,0.010304758308499048,85,0.23529411764705882,0.6762975044511239,26.435294117647057
0.02,0.4,100,1.5,0.05,-0.008876290998479235,-1.035920537603623,-1.2166214454804647,0.012047276619452187,126,0.24603174603174602,0.7674421307503865,24.841269841269842
0.005,0.4,100,1.5,0.1,-0.009453744231504824,-1.0366424169843023,-1.1737259105223676,0.01205236231495901,105,0.23809523809523808,0.6648075801194999,26.476190476190474
0.02,0.4,50,1.5,0.05,-0.00904168618144322,-1.0384488036864148,-1.2269730343101997,0.012047276619451729,124,0.24193548387096775,0.754460118548872,24.20967741935484
0.02,0.2,50,1.5,0.05,-0.00827074462264005,-1.0390595760013432,-1.1979452436506002,0.010342190681029616,98,0.23469387755102042,0.6975061793135919,24.081632653061224
0.015,0.4,100,1.5,0.1,-0.007753766990270087,-1.039642532614246,-1.1504703433248207,0.01011415981374917,88,0.23863636363636365,0.6780312796821604,26.147727272727273
0.02,0.4,20,1.5,0.05,-0.009009983754399145,-1.0419467922786922,-1.2360515340039424,0.012015670346312938,127,0.2440944881889764,0.7649202087844997,23.8503937007874
0.005,0.3,50,1.5,0.08,-0.010828657573487143,-1.0444037988828356,-1.3704673359291961,0.013765726155722158,138,0.2391304347826087,0.710727548848775,24.31159420289855
0.005,0.3,50,1.5,0.05,-0.01202856362810533,-1.0504588560249537,-1.3065425610089303,0.013709534112198983,158,0.24050632911392406,0.7146294512443405,25.582278481012658
0.015,0.2,20,1.5,0.08,-0.009000079209910472,-1.0506053717660833,-1.2686951481521092,0.011194710542351894,109,0.22935779816513763,0.6916281420145879,23.321100917431192
0.015,0.2,20,1.5,0.1,-0.009000079209910472,-1.0506053717660833,-1.2686951481521092,0.011194710542351894,109,0.22935779816513763,0.6916281420145879,23.321100917431192
0.005,0.3,50,1.5,0.1,-0.010578381031602475,-1.0615159409675632,-1.2850582089204496,0.012827585106945876,122,0.22950819672131148,0.6711508127503367,23.90983606557377
0.02,0.4,20,1.5,0.08,-0.008843034929949353,-1.0843644311190772,-1.1946437725482222,0.010776426593900813,111,0.24324324324324326,0.7116849790886501,22.216216216216218
0.015,0.3,100,1.5,0.08,-0.009224114140725723,-1.0886268683180924,-1.2890322839181863,0.011325788953989871,107,0.22429906542056074,0.6785262751459503,22.317757009345794
0.005,0.4,50,1.5,0.05,-0.012360634329209278,-1.0933289364534038,-1.3250151804205965,0.01434095175520062,163,0.2392638036809816,0.7145119536097791,25.288343558282207
0.015,0.4,100,1.5,0.05,-0.010019252733493486,-1.1012196381440573,-1.312919952215625,0.01278364108620723,136,0.23529411764705882,0.7434646473285716,25.066176470588236
0.01,0.3,100,1.5,0.03,-0.012962981510135724,-1.104109261446355,-1.38043176108391,0.016183747645959874,181,0.24861878453038674,0.7411467268471714,25.082872928176794
0.01,0.3,20,1.5,0.08,-0.011409399449070334,-1.1045927866597156,-1.4414427684010365,0.014276383274710586,133,0.23308270676691728,0.6758348318746391,25.76691729323308
0.005,0.3,50,1.5,0.03,-0.01373355328379752,-1.1152454562019936,-1.4083722998059676,0.016420500209752022,192,0.24479166666666666,0.7358591721198613,25.234375
0.005,0.2,100,1.5,0.05,-0.013238009472976119,-1.134115150784715,-1.360574462278835,0.013928515003926672,159,0.23270440251572327,0.6749650981508049,27.540880503144653
0.015,0.4,20,1.5,0.05,-0.010455925164645014,-1.1352475920672178,-1.3693505549631193,0.012910654084427802,139,0.23741007194244604,0.7355124180288296,25.359712230215827
0.005,0.3,100,1.5,0.03,-0.014523976947923803,-1.139121862678886,-1.3865152869819422,0.01658140317806988,189,0.23809523809523808,0.7078976375909194,26.22222222222222
0.005,0.4,100,1.5,0.05,-0.013166590749984025,-1.1517224172947018,-1.3575913294970303,0.015083258584811335,161,0.22981366459627328,0.6879917616929923,25.074534161490682
0.015,0.2,50,1.5,0.05,-0.010463876828553475,-1.151823558892802,-1.3364107289987732,0.012278721526381108,118,0.2288135593220339,0.66104008266839,26.11864406779661
0.01,0.5,100,1.5,0.05,-0.01184489315719111,-1.154341132568194,-1.4621717549869617,0.01367104014380461,162,0.24074074074074073,0.7341974181795808,23.0
0.015,0.3,20,1.5,0.08,-0.010036645827977917,-1.159436293628382,-1.370056810520035,0.012228981799184871,112,0.22321428571428573,0.6583290803072479,23.214285714285715
0.02,0.3,20,1.5,0.05,-0.010533669475446658,-1.1696998893916957,-1.292836650161523,0.012609302487318116,116,0.22413793103448276,0.6621405058093112,22.767241379310345
0.015,0.4,20,1.5,0.08,-0.010206758485063182,-1.1703345390568547,-1.330005562851849,0.012213636967977125,123,0.23577235772357724,0.6843796219101136,23.365853658536587
0.02,0.4,50,1.5,0.08,-0.00966068896416662,-1.1734781826503635,-1.2994387081290055,0.011592677503229877,109,0.22935779816513763,0.6667446426854191,22.238532110091743
0.01,0.3,100,1.5,0.05,-0.012940515682443511,-1.177472703861605,-1.4334831638179844,0.014840359013342937,146,0.22602739726027396,0.6570262743170651,25.089041095890412
0.015,0.2,20,1.5,0.05,-0.010697960301982093,-1.1796080822503574,-1.3668993814561945,0.012512227191574818,119,0.226890756302521,0.6545493977602063,25.932773109243698
0.02,0.3,50,1.5,0.05,-0.010770409553557401,-1.1804967630750052,-1.3253417476121732,0.012921218567312175,112,0.21428571428571427,0.6367637741645066,22.830357142857142
0.02,0.2,20,1.5,0.03,-0.010852867224875808,-1.1815654314360382,-1.3193958556905956,0.012893924772714747,117,0.2222222222222222,0.6530774869377868,23.205128205128204
0.02,0.2,100,1.5,0.03,-0.010866218893188343,-1.1837096118778885,-1.3326442838987806,0.013156577337975595,115,0.21739130434782608,0.6452234786545987,24.06086956521739
0.01,0.3,50,1.5,0.03,-0.01397996871148469,-1.1846723095755858,-1.4805807237285955,0.01647147476806129,183,0.24043715846994534,0.7126804943302422,24.60655737704918
0.005,0.5,50,1.5,0.05,-0.013087426941175071,-1.192955560049382,-1.5023350287258874,0.01505650296292621,168,0.23214285714285715,0.7006114507904458,24.363095238095237
0.01,0.5,50,1.5,0.03,-0.013066644237377478,-1.1933798440384906,-1.5153880317638515,0.01591350702732844,184,0.25,0.743383444891515,26.875
0.02,0.5,100,1.5,0.05,-0.010744090197234765,-1.1955019959668305,-1.4889565182155755,0.01266394835287877,147,0.23809523809523808,0.7437449726048571,23.39455782312925
0.01,0.3,20,1.5,0.05,-0.01347068993561188,-1.1961570269949788,-1.468435762698172,0.015899139843384435,157,0.22929936305732485,0.6700879446256897,24.56050955414013
0.02,0.5,20,1.0,0.08,-0.008508945025534776,-1.1992763863242493,-1.5062002896045321,0.011468797660353082,197,0.28426395939086296,0.8752697174627188,10.548223350253807
0.005,0.3,20,1.5,0.05,-0.01414126164282803,-1.2125464611381533,-1.4961252793215043,0.015895223212518652,173,0.23121387283236994,0.6824831708857948,24.6878612716763
0.005,0.3,100,1.5,0.05,-0.014171593803107244,-1.2174463965548323,-1.4840347902456996,0.015127029122586313,161,0.2236024844720497,0.6531704163852426,25.111801242236027
0.02,0.3,20,1.5,0.03,-0.011384513456748246,-1.2313792619418122,-1.5006939456117898,0.01340893018155165,147,0.23129251700680273,0.7239961302473525,24.41496598639456
0.02,0.3,100,1.5,0.05,-0.011247123759741953,-1.2392746400617374,-1.3884139683967838,0.012921218567312105,114,0.21052631578947367,0.6239440310923724,22.894736842105264
0.02,0.2,100,1.0,0.08,-0.009659127399353457,-1.244901732872788,-1.5780655215075472,0.01190747168092514,198,0.2828282828282828,0.8299562808656344,10.191919191919192
0.02,0.2,20,1.0,0.1,-0.009659127399353457,-1.244901732872788,-1.5780655215075472,0.01190747168092514,198,0.2828282828282828,0.8299562808656344,10.191919191919192
0.015,0.4,20,1.0,0.1,-0.008679585723802884,-1.2454834746116552,-1.54037182207396,0.011392605092338975,181,0.287292817679558,0.8345952456450215,10.751381215469614
0.01,0.3,20,1.5,0.03,-0.014827685873746086,-1.2537994868656226,-1.5587797009170847,0.017051335006285268,187,0.23529411764705882,0.6966786294080691,24.550802139037433
0.015,0.5,100,1.5,0.05,-0.01193620565209436,-1.2615158411651644,-1.5772079157668772,0.013554571187526433,157,0.22929936305732485,0.7221341516969796,23.414012738853504
0.01,0.2,100,1.5,0.03,-0.015976624513347196,-1.267608144886713,-1.5030027719676748,0.02007648928457698,183,0.22950819672131148,0.6634185487000955,24.453551912568305
0.01,0.2,20,1.5,0.03,-0.01615482316589085,-1.2690702055452716,-1.5125321532015006,0.019793062346214547,181,0.2265193370165746,0.653039783525252,24.513812154696133
0.01,0.5,20,1.0,0.1,-0.009419055240331072,-1.270336550134788,-1.5448629448648425,0.011217867108789897,191,0.2670157068062827,0.8179040905284776,10.900523560209423
0.015,0.2,100,1.5,0.03,-0.0132067872514177,-1.2716771405117824,-1.4440610628912125,0.015683800895323625,136,0.21323529411764705,0.6199097419428078,25.735294117647058
0.015,0.2,20,1.5,0.03,-0.013191834999111597,-1.2755055315756119,-1.4352519420995613,0.015205390224456713,138,0.21739130434782608,0.6269866873662665,25.22463768115942
0.015,0.3,20,1.5,0.03,-0.012947718926027883,-1.2912821939347465,-1.5670616277150464,0.014695667614840143,165,0.23030303030303031,0.7102908693873238,25.73939393939394
0.01,0.5,20,1.5,0.05,-0.0135361784740063,-1.2935510763259623,-1.6507300925002026,0.014903328040316443,171,0.23391812865497075,0.6973668747538841,23.304093567251464
0.005,0.2,20,1.5,0.03,-0.016921399194969707,-1.293736162649721,-1.5876526410961223,0.019307641973163082,207,0.2318840579710145,0.680997556301883,23.946859903381643
0.005,0.5,50,1.0,0.1,-0.009773962304981542,-1.2949011141317195,-1.5177850257509249,0.010721610192851146,185,0.2648648648648649,0.7865904145725042,11.07027027027027
0.015,0.3,100,1.5,0.05,-0.012698953510174178,-1.2967428000791021,-1.4825391643897006,0.013980442420296701,126,0.20634920634920634,0.6020674200688789,24.30952380952381
0.005,0.2,50,1.5,0.03,-0.017090912196940918,-1.3020196262584787,-1.61339526307775,0.019468177606794815,201,0.22885572139303484,0.6679141039255275,24.18905472636816
0.015,0.3,50,1.5,0.05,-0.012985081289212975,-1.3120854848678334,-1.5099985240071396,0.014460284299872488,128,0.203125,0.5961318706369281,23.78125
0.015,0.3,20,1.5,0.05,-0.0129147644307671,-1.3160189953978327,-1.4894788249546878,0.014612675030968547,132,0.21212121212121213,0.6164254006367665,24.363636363636363
0.02,0.3,20,1.0,0.08,-0.010256735530253209,-1.3252334822518654,-1.6672577843901077,0.012503723078137548,200,0.28,0.8102323135790955,10.22
0.02,0.3,50,1.0,0.08,-0.010256735530253209,-1.3252334822518654,-1.6672577843901077,0.012503723078137548,200,0.28,0.8102323135790955,10.22
0.01,0.5,100,1.0,0.1,-0.010173537220553844,-1.3596987972476313,-1.6272678263147928,0.01133722842845499,187,0.2620320855614973,0.7746891998815596,10.946524064171124
0.015,0.5,50,1.0,0.08,-0.010162368818887043,-1.3617683063549564,-1.6541258617773928,0.013026432388163455,197,0.26903553299492383,0.7956586300795628,11.208121827411167
0.02,0.3,20,1.0,0.1,-0.010256898289484234,-1.3662362264806895,-1.718924002659946,0.012005026637399224,193,0.27461139896373055,0.7908732693454334,10.139896373056995
0.02,0.3,50,1.0,0.1,-0.010256898289484234,-1.3662362264806895,-1.718924002659946,0.012005026637399224,193,0.27461139896373055,0.7908732693454334,10.139896373056995
0.02,0.4,100,1.0,0.1,-0.008952679225982283,-1.3763879284618687,-1.7117019584683217,0.011006162177633626,168,0.2857142857142857,0.7910145932050447,10.422619047619047
0.015,0.5,50,1.5,0.05,-0.013047405634596653,-1.3768958546203476,-1.7106964565425768,0.0139652441383849,161,0.2236024844720497,0.6902505888962973,22.832298136645964
0.005,0.4,20,1.5,0.03,-0.016710872148287453,-1.3865554679763668,-1.7096667872386335,0.018360197255126512,208,0.23557692307692307,0.6844985326883324,24.682692307692307
0.02,0.2,20,1.0,0.05,-0.01095068097967247,-1.4067201841615056,-1.7632325869049474,0.012967797860874585,204,0.27450980392156865,0.7901218056555699,10.240196078431373
0.01,0.4,100,1.5,0.03,-0.01629212500787937,-1.4114639690100248,-1.736392950994565,0.01871497313832788,196,0.22959183673469388,0.6688267581319431,24.183673469387756
0.015,0.3,20,1.0,0.1,-0.011470185361994808,-1.4482907065813884,-1.8459874035104393,0.01318035897178746,217,0.271889400921659,0.7850261581391321,10.258064516129032
0.015,0.2,20,1.0,0.1,-0.012215438577067543,-1.450578063262712,-1.8243928284000608,0.014079632901418164,228,0.2675438596491228,0.7815745449985739,10.666666666666666
0.02,0.4,50,1.5,0.03,-0.014741365617388074,-1.4753341587247992,-1.8172357581888128,0.016559529092126976,174,0.22988505747126436,0.6758597938898756,25.114942528735632
0.02,0.5,100,1.0,0.08,-0.010559099825127342,-1.4797083839622187,-1.8213188974308223,0.012135975656130525,196,0.2653061224489796,0.7795623792591438,10.596938775510203
0.015,0.5,100,1.0,0.08,-0.01113538081498613,-1.491292135056449,-1.8379295204326456,0.012970841136275469,206,0.2621359223300971,0.7736169648648286,10.951456310679612
0.005,0.4,20,1.0,0.1,-0.01222226781636855,-1.5108988475666685,-1.9292967917017658,0.014414874490171677,219,0.2694063926940639,0.76780912023052,10.91324200913242
0.02,0.4,100,1.5,0.03,-0.014991405761505011,-1.5114646365524564,-1.858719685831707,0.016798178760987326,175,0.22857142857142856,0.6715929436086002,24.86285714285714
0.02,0.2,50,1.0,0.03,-0.012949811436758319,-1.5212103241896022,-1.9217640023290825,0.014932257042077766,235,0.2680851063829787,0.7778594604449549,10.62127659574468
0.015,0.4,50,1.5,0.03,-0.016033751327797365,-1.5217605511556926,-1.8656260773062467,0.017779638178048705,183,0.22950819672131148,0.6555854112572652,25.661202185792348
0.02,0.4,20,1.5,0.03,-0.01524373838195359,-1.541645765532647,-1.8792618325690824,0.016463751818463396,179,0.22905027932960895,0.6726795968114071,25.877094972067038
0.01,0.4,20,1.0,0.1,-0.01239880656362031,-1.5439263557860143,-1.9648929499380712,0.01459102136785321,217,0.2672811059907834,0.75631383995704,10.866359447004609
0.02,0.4,100,1.0,0.08,-0.011606242129563325,-1.5460489443741952,-1.9616530979973834,0.01371145583366222,208,0.2692307692307692,0.7709622714850483,10.024038461538462
0.015,0.4,20,1.5,0.03,-0.01614346964574477,-1.5496118475060325,-1.8740757701545896,0.017352215447132734,186,0.23118279569892472,0.6599812591382315,26.516129032258064
0.02,0.2,20,1.0,0.03,-0.013050866351397707,-1.5547980637389864,-1.9594214032057826,0.015033108992497353,240,0.2708333333333333,0.7836226696931897,10.566666666666666
0.015,0.5,50,1.5,0.03,-0.01648031919909743,-1.5758866436151304,-2.020882431475462,0.01754504458590846,191,0.23036649214659685,0.6626835637119489,26.25130890052356
0.02,0.5,20,1.5,0.03,-0.016041600937694456,-1.5771756669607255,-1.9945865715125222,0.01697063029202854,193,0.23834196891191708,0.684078524888739,25.792746113989637
0.005,0.5,20,1.0,0.08,-0.013320333277595055,-1.6046104840317263,-2.127570445205647,0.015756838570372102,253,0.2608695652173913,0.7834831819802941,10.826086956521738
0.005,0.2,100,1.0,0.1,-0.015535445692647773,-1.6098940266543056,-2.140499481638595,0.016728795498796092,272,0.2610294117647059,0.7521400044475142,10.544117647058824
0.02,0.5,100,1.5,0.03,-0.015705508090633084,-1.6191604726103894,-1.9976999197295735,0.017154955526163845,183,0.23497267759562843,0.672976214802598,27.114754098360656
0.015,0.2,50,1.0,0.05,-0.014443950051744177,-1.621302964735001,-2.0386232527163823,0.015422488962288525,251,0.26294820717131473,0.7457898839701282,11.08366533864542
0.015,0.5,20,1.5,0.03,-0.01716148814455213,-1.630220748123998,-2.057644210440964,0.0175516589926689,197,0.22842639593908629,0.6596778685108519,26.21319796954315
0.01,0.5,20,1.0,0.08,-0.01332196828317683,-1.6373643008963366,-2.131210259035704,0.01571943867316678,244,0.26229508196721313,0.7692096806733343,10.819672131147541
0.02,0.4,100,1.0,0.05,-0.015075005978130648,-1.6906529202378848,-2.0722343673458803,0.01683290317034802,259,0.2625482625482625,0.7520988858505895,10.837837837837839
0.005,0.5,100,1.0,0.08,-0.014514716756619455,-1.6950941375090431,-2.1958763475785568,0.015937399413765593,253,0.25296442687747034,0.7402005062606434,10.505928853754941
0.01,0.3,100,1.0,0.08,-0.016816258085120935,-1.6982585673693709,-2.210011647336566,0.018205404139705058,281,0.25622775800711745,0.7296793023410194,10.644128113879004
0.02,0.4,20,1.0,0.05,-0.014807294763143,-1.6995004473611413,-2.0988238564324666,0.016959676352639712,260,0.2653846153846154,0.7626506818893349,10.523076923076923
0.005,0.2,100,1.0,0.08,-0.0170388402196682,-1.7040886940103297,-2.256397428946644,0.017991987756477833,287,0.25435540069686413,0.731919756127367,10.609756097560975
0.02,0.5,100,1.0,0.05,-0.014927647317720694,-1.7086409197481514,-2.217677815434108,0.016110346521281883,279,0.26881720430107525,0.7835029410005854,10.46594982078853
0.02,0.5,50,1.0,0.05,-0.015110965485990892,-1.7148092109668638,-2.2342601825310906,0.016110346521282622,277,0.26714801444043323,0.7742579013276444,10.16245487364621
0.005,0.2,50,1.0,0.1,-0.016438658986944212,-1.7228363535521447,-2.3089074095975826,0.017679357639724905,271,0.25092250922509224,0.7188595200026662,10.756457564575646
0.005,0.4,100,1.0,0.1,-0.014196178025624976,-1.7236579611453802,-2.1975836470013683,0.015005079865094575,226,0.2610619469026549,0.7109216250858018,10.61504424778761
0.01,0.5,100,1.0,0.08,-0.014578453632730089,-1.739590646468741,-2.2210746350362083,0.01589999723997568,247,0.2550607287449393,0.7291730149323353,10.68825910931174
0.015,0.4,100,1.0,0.08,-0.013979927671601472,-1.7480672031253808,-2.227977197697617,0.014786214631478717,230,0.25217391304347825,0.7240876477070273,10.030434782608696
0.01,0.4,100,1.0,0.1,-0.014372338297222596,-1.7578677812115087,-2.2348239594255417,0.015181095588289723,224,0.25892857142857145,0.6996141133180719,10.566964285714286
0.015,0.3,100,1.0,0.05,-0.015444587801392481,-1.764835477592515,-2.273778510171665,0.016752279957015427,266,0.2556390977443609,0.7426871275546952,10.593984962406015
0.01,0.3,100,1.0,0.1,-0.016400279520229814,-1.7822186866912573,-2.3186895948690234,0.016728084821428794,263,0.2509505703422053,0.707949169098378,10.29657794676806
0.005,0.2,20,1.0,0.1,-0.01698852862323765,-1.786114964038134,-2.3031847534799974,0.018002517288109483,273,0.2490842490842491,0.7065820162249306,10.901098901098901
0.015,0.2,100,1.0,0.03,-0.017483390659953583,-1.7921749759841454,-2.2365152208244274,0.01903267226439983,299,0.25418060200668896,0.7360986597587773,11.153846153846153
0.015,0.3,20,1.0,0.05,-0.01615634758997272,-1.8208301331464742,-2.3340433756493457,0.017558285061222846,270,0.2518518518518518,0.7288901528311286,10.825925925925926
0.01,0.3,50,1.0,0.1,-0.016544873564047304,-1.8210330747140657,-2.401366326820011,0.017105688017443842,257,0.2490272373540856,0.6909820540410208,10.688715953307392
0.01,0.3,20,1.0,0.1,-0.016212909718301236,-1.827283580873765,-2.41267602618094,0.016952887103322222,265,0.25660377358490566,0.71448030974075,10.245283018867925
0.02,0.5,20,1.0,0.05,-0.015819205286636134,-1.8281129882969012,-2.365088960184344,0.016461163795465323,290,0.2655172413793103,0.7734885532213974,9.96551724137931
0.005,0.2,20,1.0,0.05,-0.02059730256128081,-1.8294229374345945,-2.4449114783186685,0.021063941592061177,371,0.2641509433962264,0.7549218027862025,11.148247978436657
0.01,0.2,20,1.0,0.08,-0.01783448856711446,-1.83228705369796,-2.4094102693025046,0.019289399723535723,293,0.2525597269624573,0.7170726143300161,10.774744027303754
0.015,0.2,20,1.0,0.03,-0.01787747397275947,-1.8333618112668149,-2.280878050843773,0.01913309262798297,303,0.25412541254125415,0.7315853107281874,10.900990099009901
0.005,0.3,50,1.0,0.1,-0.016758998596987804,-1.8425408507166572,-2.4324159611025933,0.01731969094576552,258,0.24806201550387597,0.6865792056097763,10.655038759689923
0.005,0.3,50,1.0,0.05,-0.019566341820807867,-1.8442498132688885,-2.4608070776165754,0.020090450220765384,349,0.25787965616045844,0.7485482673639423,10.974212034383955
0.005,0.3,20,1.0,0.1,-0.016427107043116413,-1.8492389138504526,-2.4441113967749097,0.017166923314845973,266,0.2556390977443609,0.7099835660399314,10.214285714285714
0.01,0.3,50,1.0,0.08,-0.01798876619239236,-1.853847050240835,-2.42519333074185,0.019472766335598843,282,0.24468085106382978,0.6927279060535956,10.797872340425531
0.015,0.3,50,1.0,0.03,-0.018907616750125016,-1.8641968219180594,-2.367015764426901,0.019836021095086382,344,0.25872093023255816,0.7618949492481426,10.67732558139535
0.015,0.4,50,1.0,0.05,-0.017726267986797613,-1.8728746550904567,-2.3191239552686556,0.019502297322198457,281,0.24555160142348753,0.7044603673872709,10.729537366548042
0.01,0.2,100,1.0,0.05,-0.0202104613950169,-1.875739922865107,-2.4403657553603897,0.021737324686047034,330,0.2515151515151515,0.7108739043484026,10.972727272727273
0.015,0.3,100,1.0,0.03,-0.018902603798668132,-1.88066259460704,-2.385889408838942,0.019836021095085397,347,0.25936599423631124,0.766067631034529,10.714697406340058
0.005,0.3,100,1.0,0.05,-0.0208604180087625,-1.9170494910869158,-2.505185135532608,0.02103142729258864,350,0.25142857142857145,0.7200952459274875,10.951428571428572
0.01,0.3,50,1.0,0.05,-0.019700600623348146,-1.9189875714666298,-2.519904366728423,0.02081968510205756,324,0.25,0.713594850878226,10.506172839506172
0.01,0.3,20,1.0,0.08,-0.01861312791821634,-1.9209711625664325,-2.4581311004130217,0.01987051908413947,286,0.24475524475524477,0.6832242180176615,10.856643356643357
0.01,0.4,50,1.0,0.05,-0.020175060281080952,-1.9241981235031544,-2.393332062069691,0.021546106481996147,327,0.25076452599388377,0.710465429945509,10.715596330275229
0.005,0.3,100,1.0,0.03,-0.0240959519204199,-1.9324231511435068,-2.506216139774165,0.024914835209525952,439,0.25968109339407747,0.7548796921488072,10.861047835990888
0.015,0.5,50,1.0,0.05,-0.01802153308594774,-1.9454316037813162,-2.5326342998457756,0.018681462841303335,303,0.2508250825082508,0.7258651249234924,10.191419141914192
0.015,0.5,20,1.0,0.05,-0.017817856883258792,-1.9584920173025981,-2.5123664890729067,0.01829780006452832,317,0.2586750788643533,0.7525506440903518,10.025236593059937
0.015,0.3,20,1.0,0.03,-0.01952790318378975,-1.9607267055385207,-2.4721364149455156,0.020100504695626693,353,0.2577903682719547,0.7589258820119955,10.535410764872521
0.01,0.3,100,1.0,0.05,-0.020381372330649756,-1.9639324319269846,-2.5443983245485393,0.021687347588401937,329,0.24924012158054712,0.7050451288271177,10.513677811550153
0.005,0.4,50,1.0,0.08,-0.018434963837363465,-1.9798484657012134,-2.548720992200397,0.019190132576626738,280,0.24285714285714285,0.6773247874394174,10.407142857142857
0.01,0.4,100,1.0,0.08,-0.018524012170252825,-1.9878048027603927,-2.5562031221886365,0.018642976265357658,284,0.24647887323943662,0.6862725812109616,10.028169014084508
0.005,0.2,100,1.0,0.03,-0.02592188527534483,-1.9926325863693055,-2.5598633732269898,0.026371707677806944,450,0.2577777777777778,0.7340390125286137,10.71111111111111
0.01,0.2,100,1.0,0.03,-0.02483702947910846,-1.995166821053288,-2.49789373195371,0.027170852177331825,415,0.25301204819277107,0.720686128064489,10.51566265060241
0.005,0.5,50,1.0,0.05,-0.020401383263537864,-1.9983359592387684,-2.636067675285172,0.02062798759659993,348,0.25287356321839083,0.723339998559762,10.64655172413793
0.01,0.2,50,1.0,0.03,-0.025128322070907014,-1.9989936711983813,-2.513663115796365,0.027170852177334833,414,0.25120772946859904,0.7133944767210404,10.367149758454106
0.01,0.4,20,1.0,0.05,-0.02097620786319807,-2.004813157048919,-2.5477582604072495,0.022268262588336217,338,0.2514792899408284,0.7082787802079455,10.698224852071005
0.005,0.4,50,1.0,0.03,-0.023652995414779433,-2.0139852541701533,-2.627080269403354,0.024930688568123142,420,0.2619047619047619,0.74600798578527,10.942857142857143
0.005,0.4,100,1.0,0.03,-0.0242868552564361,-2.039974861660869,-2.6291913173234955,0.025213925370384555,422,0.25829383886255924,0.7362688173832462,11.125592417061611
0.005,0.4,20,1.0,0.05,-0.021759591930439928,-2.050937643857603,-2.6873907588716475,0.022527659252496775,368,0.25271739130434784,0.7241274373924307,10.605978260869565
0.005,0.2,20,1.0,0.03,-0.026573901048341213,-2.0676014832952396,-2.657234249491743,0.02677204598876706,450,0.25333333333333335,0.7214104460414243,10.753333333333334
0.01,0.4,50,1.0,0.03,-0.023728325943943782,-2.068002726107539,-2.6519652382357086,0.025095543038253707,405,0.25679012345679014,0.7307537162359234,10.958024691358025
0.005,0.3,20,1.0,0.03,-0.025750741933448153,-2.078372597866278,-2.707240600752592,0.02627391444286928,453,0.2560706401766004,0.7377298961145017,10.6158940397351
0.01,0.4,20,1.0,0.03,-0.024270538508552125,-2.081218800970879,-2.6581056317874796,0.025438567418648472,417,0.2589928057553957,0.7334025661990875,10.86810551558753
0.005,0.4,20,1.0,0.03,-0.024991128702638234,-2.085472524372614,-2.7066435043738997,0.025780776409321204,433,0.2586605080831409,0.7337721389890774,10.94919168591224
0.005,0.5,20,1.0,0.05,-0.021283985540741124,-2.0871145081103983,-2.704630284986234,0.021422586706780863,359,0.25069637883008355,0.7150798856146968,10.442896935933147
0.02,0.4,100,1.0,0.03,-0.01952340162798879,-2.093072925007327,-2.7468275848248243,0.02042545230933608,344,0.25872093023255816,0.7550319587330108,10.834302325581396
0.005,0.5,20,1.0,0.03,-0.023928011559854787,-2.104379331064172,-2.8140150487271227,0.025216834668770245,418,0.2583732057416268,0.736164572073914,11.129186602870814
0.01,0.5,20,1.0,0.03,-0.024035930451121675,-2.1666035145700784,-2.889832007094202,0.025765825373484028,420,0.25952380952380955,0.738425597977153,10.883333333333333
0.015,0.4,100,1.0,0.03,-0.022409196453828044,-2.2112073552244955,-2.8651542759279747,0.02301977836871861,382,0.2513089005235602,0.7322598071481776,10.900523560209423
0.005,0.5,50,1.0,0.03,-0.025124723422010574,-2.2495537119312705,-2.9861030249774285,0.026057656929542764,425,0.2541176470588235,0.7182181650771337,10.60235294117647
0.02,0.5,50,1.0,0.03,-0.021627652093156504,-2.2531582131245456,-3.1036895238306466,0.022479107629569457,369,0.25745257452574527,0.7361950989548937,11.325203252032521
0.01,0.5,50,1.0,0.03,-0.024843176501988636,-2.2705590078032976,-3.0126104139250236,0.026759183257742142,418,0.2535885167464115,0.7192296899658263,10.638755980861244
0.02,0.5,100,1.0,0.03,-0.021419354831255188,-2.2842866397504498,-3.1091051402391505,0.02169770925765454,375,0.25866666666666666,0.7494708146528873,11.096
0.02,0.5,20,1.0,0.03,-0.022109648131104914,-2.34659157845887,-3.1663571576585268,0.02253477312103024,380,0.2578947368421053,0.7370110023212856,11.255263157894737
0.015,0.5,50,1.0,0.03,-0.02457645505271197,-2.458853310884948,-3.434696950889964,0.0246783797561371,402,0.2462686567164179,0.7066771040961977,10.845771144278608
0.015,0.5,20,1.0,0.03,-0.02457576332300334,-2.460390721701937,-3.3951678978272426,0.024677688921839327,403,0.24813895781637718,0.7079207067780732,11.094292803970223
