min_carry_spread,momentum_weight,trend_filter_sma,atr_stop_multiplier,composite_threshold,tp_multiplier,max_risk_per_pair,total_return,sharpe,sortino,max_drawdown,num_trades,win_rate,profit_factor,avg_holding_days
0.005,0.7,50,2.0,0.08,2.0,0.025,0.004945978697067912,0.31118391546400165,0.4027110164719351,0.006711636033615704,64,0.4375,1.4897950506809596,60.609375
0.02,0.7,20,2.0,0.1,2.0,0.02,0.0016119772293235292,0.16492528805018403,0.1908441997115606,0.00420343028655518,55,0.4,1.2972501725680663,45.85454545454545
0.01,0.7,50,2.0,0.08,2.0,0.01,0.0007053067293483763,0.11015502911131303,0.1356168404762522,0.003152499259891593,63,0.3968253968253968,1.2772587906416544,55.714285714285715
0.005,0.7,20,2.5,0.1,1.5,0.02,0.0006770290699128236,0.05879630497767286,0.06962851500610275,0.005378253224729113,62,0.46774193548387094,1.205182570326401,50.96774193548387
0.02,0.7,20,2.0,0.1,1.5,0.025,0.000673439529412135,0.0563893219018134,0.065892545556866,0.0054702122241566745,72,0.4722222222222222,1.2310821056420196,31.26388888888889
0.015,0.7,50,2.0,0.08,2.0,0.015,0.00019378909312057658,0.023060102423651217,0.02742471485578307,0.005162147950337292,65,0.36923076923076925,1.1842771216990278,49.353846153846156
0.015,0.7,50,2.5,0.08,1.5,0.02,1.67449071345618e-05,0.0033643164432429797,0.003972814032560307,0.0064205867509146775,70,0.42857142857142855,1.153085357745209,47.114285714285714
0.005,0.7,20,2.0,0.08,4.0,0.01,-1.4456056126218755e-05,-0.001095154880791025,-0.00138296059401898,0.004069235846044277,47,0.2553191489361702,1.135029899873449,85.48936170212765
0.01,0.6,50,3.0,0.02,4.0,0.025,-0.0005203363584664475,-0.02933971908823594,-0.03858809593399768,0.011023204456076968,24,0.3333333333333333,1.0370275395836759,250.625
0.015,0.6,50,3.0,0.03,4.0,0.015,-0.0005155094343861856,-0.05406846189027951,-0.0726486702422453,0.005414717541551481,32,0.28125,1.0345596591872772,180.21875
0.005,0.7,20,3.0,0.08,1.5,0.01,-0.00037336746912347736,-0.054779390372970437,-0.06859107423012865,0.004544614314241177,52,0.46153846153846156,1.0828090003123378,83.09615384615384
0.01,0.6,50,2.5,0.08,1.5,0.015,-0.0005647580414224649,-0.056584248660762705,-0.06408913826623258,0.005833097299749217,72,0.4444444444444444,1.112427913231834,48.09722222222222
0.02,0.6,20,2.5,0.08,2.0,0.015,-0.0005080327636892616,-0.06132737914094348,-0.0738605986189511,0.004578701965069354,48,0.375,1.0791008613258943,67.70833333333333
0.02,0.7,20,2.0,0.08,2.0,0.01,-0.0003936140541310306,-0.06627179661071507,-0.08021631116992248,0.003937584087879748,64,0.359375,1.1068091451640842,50.203125
0.01,0.4,20,3.0,0.02,3.0,0.025,-0.0013152343156616552,-0.07166213979728649,-0.0888539691156052,0.010634136118405127,48,0.2916666666666667,1.0373584492704735,123.35416666666667
0.02,0.5,50,3.0,0.02,4.0,0.015,-0.0005729394131244044,-0.07443963459552984,-0.09629502358861157,0.005602775656399403,29,0.27586206896551724,1.0204210924295,205.9655172413793
0.02,0.5,20,2.0,0.1,2.0,0.02,-0.0008092792936501791,-0.08022917059120314,-0.08970237102650443,0.005541267887794483,56,0.375,1.0993368672670307,39.767857142857146
0.02,0.4,20,2.5,0.1,4.0,0.015,-0.0005772531614973559,-0.08205384870204802,-0.09981499777251462,0.004920195520723501,17,0.29411764705882354,0.9752495226510718,150.58823529411765
0.015,0.7,20,2.0,0.1,2.5,0.025,-0.0011653300481605402,-0.08342448579936364,-0.09495216612622565,0.008715443885244277,43,0.3488372093023256,1.0632711333340739,68.65116279069767
0.005,0.7,50,2.0,0.08,2.5,0.02,-0.0013042550292864325,-0.09595374132408135,-0.12187908117578286,0.00814240756412958,55,0.32727272727272727,1.0604246221878735,72.58181818181818
0.01,0.7,50,2.5,0.08,2.5,0.015,-0.0010948226272605825,-0.10181076558072245,-0.12828076861131882,0.007293671350061025,46,0.30434782608695654,1.0196985295898995,87.58695652173913
0.015,0.6,20,3.0,0.02,4.0,0.01,-0.0006729229155616486,-0.10194526395684729,-0.13708027824231525,0.004703614827540396,30,0.3,0.9804968234755059,197.7
0.02,0.5,50,2.5,0.1,2.5,0.01,-0.0005202619255436003,-0.109389203561896,-0.1251282540965371,0.0029866032049449287,27,0.3333333333333333,0.9977755848508699,79.70370370370371
0.005,0.7,50,2.5,0.08,2.0,0.02,-0.0015762212580458436,-0.1152719309296791,-0.14428384918700113,0.00994026653320487,51,0.35294117647058826,1.0258154857478337,79.25490196078431
0.01,0.6,50,2.5,0.08,2.0,0.015,-0.0011736249895267247,-0.11791861112609002,-0.14412418014584802,0.006300505795208901,50,0.38,1.0235480025298214,82.08
0.01,0.7,50,2.5,0.08,3.0,0.015,-0.0012902930721937446,-0.11806211928765689,-0.14978172260862022,0.007525069242893265,36,0.2777777777777778,0.9676822694654711,113.55555555555556
0.005,0.7,20,2.5,0.08,2.0,0.01,-0.0008056740973053092,-0.11999507082662504,-0.14942059001329439,0.005005993017066249,55,0.36363636363636365,1.0319105066152592,74.32727272727273
0.01,0.5,20,2.5,0.02,4.0,0.025,-0.0019652577770022618,-0.12183819268185818,-0.15694646264223552,0.0081161453695071,42,0.2619047619047619,0.9988854979557665,142.02380952380952
0.01,0.5,20,2.5,0.02,4.0,0.01,-0.000791283280133066,-0.12381979192583657,-0.15947374038801362,0.003263499098893106,42,0.2619047619047619,0.9983843549886774,142.02380952380952
0.01,0.6,20,3.0,0.05,2.5,0.01,-0.0009264858588953212,-0.13302377489444206,-0.1638327514227433,0.004501787212419463,53,0.32075471698113206,1.0072111335203748,103.41509433962264
0.015,0.5,20,3.0,0.02,4.0,0.015,-0.0013557445127527171,-0.13509905304864023,-0.1576513949987974,0.005940006411326997,29,0.27586206896551724,0.9421614205304493,205.75862068965517
0.02,0.6,20,2.0,0.1,2.0,0.02,-0.0014775179476797348,-0.1352191161622633,-0.1428432638160401,0.006385336194115086,60,0.36666666666666664,1.0570258448688303,44.05
0.02,0.5,20,3.0,0.1,2.0,0.015,-0.0010260777338703337,-0.13642570561680067,-0.1565867859680302,0.004653205031330057,34,0.3235294117647059,0.9933094809916334,77.91176470588235
0.005,0.6,50,3.0,0.08,4.0,0.01,-0.0009621665928373113,-0.1364834382547347,-0.16986590026156273,0.0046092516866866485,27,0.25925925925925924,0.9132428700804291,172.77777777777777
0.02,0.6,50,2.5,0.1,1.5,0.025,-0.0018819197097106372,-0.1428539762949584,-0.14707304965584508,0.006440445292354921,50,0.42,1.0304483837748932,49.9
0.01,0.6,50,2.5,0.08,3.0,0.015,-0.001604483941244107,-0.15530156580232718,-0.19726372943838877,0.006514221354897854,36,0.2777777777777778,0.936323514207226,120.52777777777777
0.005,0.6,50,3.0,0.05,3.0,0.015,-0.001859623060439626,-0.15840977443688803,-0.21575774332846126,0.00858851642024,47,0.2978723404255319,0.9601736499740687,112.8936170212766
0.015,0.6,20,2.0,0.08,2.0,0.015,-0.001342531610219885,-0.16034513360612054,-0.17841326118788722,0.004591089790938268,78,0.358974358974359,1.0682832490117433,38.1025641025641
0.005,0.6,50,2.5,0.08,4.0,0.025,-0.002780291968265956,-0.16062476965331537,-0.20796027618491583,0.011768131322014526,37,0.24324324324324326,0.9358927234080808,121.94594594594595
0.005,0.5,50,3.0,0.03,4.0,0.025,-0.003651759759398992,-0.17011421774294488,-0.20218249538288058,0.012249045424896975,27,0.25925925925925924,0.8421118150077385,215.92592592592592
0.005,0.5,50,3.0,0.03,4.0,0.015,-0.0021936846672066896,-0.1713354367205763,-0.20363921235457158,0.0073746683258606805,27,0.25925925925925924,0.8421621576981074,215.92592592592592
0.01,0.7,50,2.0,0.08,1.5,0.025,-0.0026037621323890927,-0.17507734250127202,-0.20612261006615223,0.008878632456280657,104,0.4230769230769231,1.0944409317290191,28.96153846153846
0.01,0.7,50,2.0,0.08,1.5,0.02,-0.0020793696595629444,-0.1751799242276684,-0.20623514305960952,0.007107051332959395,104,0.4230769230769231,1.09463917339093,28.96153846153846
0.02,0.6,50,3.0,0.08,4.0,0.015,-0.001548125331816991,-0.17575358247885634,-0.20880841331512257,0.0059567582609486545,24,0.25,0.8794319845253417,139.45833333333334
0.005,0.6,50,3.0,0.05,1.5,0.025,-0.0032538367384507727,-0.1780260946073365,-0.229684585751251,0.01179206852853869,74,0.44594594594594594,1.0103979600487407,64.52702702702703
0.01,0.7,20,2.5,0.08,3.0,0.02,-0.0025785075158576364,-0.18080646491664462,-0.2307065183210675,0.010424350876305152,40,0.275,0.9199643687808612,104.275
0.02,0.6,50,3.0,0.03,4.0,0.02,-0.002069355543626443,-0.1818141629108325,-0.25076271817475765,0.009594934417561766,36,0.25,0.9507458968384366,162.19444444444446
0.005,0.6,50,2.5,0.03,4.0,0.02,-0.002776976616044558,-0.18582464969271,-0.24995747790921488,0.010932323437659612,43,0.2558139534883721,0.9240172675686465,130.27906976744185
0.01,0.6,20,2.5,0.08,2.5,0.02,-0.002543233272042853,-0.18684573462467544,-0.2372341746000387,0.008987151983223259,47,0.3191489361702128,0.9499349488275954,93.02127659574468
0.02,0.5,20,3.0,0.1,4.0,0.025,-0.0024860478614656314,-0.18969144304796506,-0.22465634176440513,0.00899453610295518,18,0.2222222222222222,0.8481494692055558,145.05555555555554
0.02,0.4,20,3.0,0.1,2.5,0.025,-0.0021799459027299598,-0.19143423269653226,-0.23368170632827892,0.009022459833773627,27,0.2962962962962963,0.9389214353225958,93.33333333333333
0.02,0.6,50,2.0,0.1,2.0,0.02,-0.002094747640349815,-0.19447755628567545,-0.2037134166563531,0.005579205424447852,55,0.32727272727272727,1.004664674086767,42.018181818181816
0.005,0.6,50,2.5,0.08,3.0,0.02,-0.0026891597554019246,-0.19468620874552597,-0.24450284939242198,0.009220938665425183,37,0.2702702702702703,0.8998358195902985,117.67567567567568
0.02,0.6,50,2.0,0.1,2.0,0.015,-0.0015698570396172,-0.19468934586472098,-0.20391973527101898,0.004186935548432502,55,0.32727272727272727,1.004778170403911,42.018181818181816
0.005,0.4,20,2.5,0.02,4.0,0.015,-0.0025265906684102083,-0.1951082733209016,-0.23740523286199477,0.007684769163147961,39,0.2564102564102564,0.8723861062178422,151.74358974358975
0.01,0.6,20,2.5,0.03,2.5,0.01,-0.001555219930117455,-0.19621140338190096,-0.23060594992606742,0.00608425091334223,68,0.3088235294117647,0.9773534607210586,83.88235294117646
0.01,0.6,20,2.5,0.03,3.0,0.015,-0.002078162209207949,-0.1995214955766018,-0.25745440860324553,0.0058584221598710065,60,0.26666666666666666,0.9771546161450936,95.78333333333333
0.01,0.7,20,2.5,0.08,2.5,0.025,-0.0035371524731423413,-0.20073468517295281,-0.2541892407386758,0.013248312676653473,48,0.2916666666666667,0.9340788935870714,86.1875
0.01,0.7,20,3.0,0.08,1.5,0.02,-0.00274729084408973,-0.2045746300761773,-0.256030763104793,0.009620560986414155,53,0.4339622641509434,0.954736968335811,76.71698113207547
0.02,0.6,50,2.5,0.03,4.0,0.015,-0.001801290077596641,-0.2074340970010502,-0.29170873102979394,0.0061644489693387676,46,0.2608695652173913,0.9573870539380532,126.23913043478261
0.015,0.6,50,2.5,0.1,1.5,0.02,-0.002311602553900011,-0.21124500067991023,-0.21226892113679016,0.005848680076845612,55,0.4,0.9870062902937865,47.6
0.01,0.6,20,3.0,0.08,4.0,0.02,-0.003009673408991075,-0.21248946969545274,-0.27062281311825076,0.010395799493424644,28,0.25,0.8301268512282663,171.71428571428572
0.02,0.6,50,3.0,0.03,3.0,0.025,-0.003501802871448308,-0.21691351209896204,-0.28797174709321416,0.013606950024362956,50,0.3,0.9529564580924713,116.3
0.02,0.6,50,2.5,0.03,3.0,0.025,-0.0036643254484198407,-0.22064704377906014,-0.2831405578768492,0.012322585119617384,63,0.2698412698412698,0.9755064859511832,91.61904761904762
0.02,0.6,50,2.5,0.03,3.0,0.02,-0.002929718847997865,-0.22088742457966476,-0.2834425639983302,0.009869867472121282,63,0.2698412698412698,0.9756914461033598,91.61904761904762
0.01,0.6,20,3.0,0.08,3.0,0.01,-0.001504487877272768,-0.22119666430440943,-0.2863021090321073,0.0051995003519510535,35,0.2857142857142857,0.8782700640497478,134.22857142857143
0.005,0.5,20,2.5,0.05,4.0,0.015,-0.0027089020283507124,-0.22582110338540937,-0.28432805986162546,0.008083648614245924,36,0.25,0.8350618577682222,152.63888888888889
0.01,0.5,20,3.0,0.08,1.5,0.02,-0.003004338606810779,-0.2259853788911766,-0.2916228767515074,0.009497093965481894,58,0.41379310344827586,0.9571616817007687,67.44827586206897
0.02,0.5,20,2.5,0.08,3.0,0.015,-0.0019317844209815666,-0.2295228664312919,-0.2610124619138675,0.005981273024478781,40,0.25,0.9294945041181815,74.925
0.01,0.6,50,3.0,0.08,3.0,0.015,-0.0023729169450240443,-0.23038183971291856,-0.287154402711783,0.007808051126130498,33,0.2727272727272727,0.8510555550168348,138.0
0.01,0.7,20,2.5,0.1,2.0,0.02,-0.002852006193775014,-0.23430349709533146,-0.27560658849185304,0.00905900372941641,45,0.37777777777777777,0.913759600353354,73.28888888888889
0.005,0.4,20,2.5,0.05,4.0,0.02,-0.003866907635457028,-0.23457542919786917,-0.29720067561415703,0.009747396935539396,33,0.24242424242424243,0.7997970916470521,168.5151515151515
0.02,0.6,20,3.0,0.08,2.5,0.015,-0.002013129678442201,-0.23731239931967127,-0.28286531922919955,0.005911777422702134,37,0.2972972972972973,0.908840115397199,91.1891891891892
0.01,0.7,20,2.5,0.05,2.5,0.025,-0.00451325859247605,-0.2398204396574148,-0.2917136200787845,0.017134365228460832,60,0.3333333333333333,0.930068121496242,86.81666666666666
0.01,0.7,20,2.5,0.05,2.5,0.015,-0.0027016424973183894,-0.24008750017447492,-0.29195214317564655,0.010314526244619945,60,0.3333333333333333,0.9306491454380352,86.81666666666666
0.005,0.6,50,2.5,0.05,3.0,0.02,-0.0037447365461128358,-0.24440418035221384,-0.3168829148581759,0.012394874669365142,50,0.26,0.8912757012596942,103.72
0.01,0.6,50,2.5,0.03,3.0,0.015,-0.002544098687310761,-0.2456876658957204,-0.3165530249467171,0.006308869278941022,61,0.26229508196721313,0.951213558659693,92.62295081967213
0.02,0.7,20,2.5,0.1,3.0,0.025,-0.003431264761078637,-0.24676656728450608,-0.28103861804710945,0.009891434409253908,31,0.25806451612903225,0.8623982044725506,94.29032258064517
0.015,0.5,20,2.0,0.1,2.5,0.025,-0.003353329934074718,-0.2470885029592672,-0.2598579882574731,0.009277466795903043,51,0.29411764705882354,0.9509079471226652,48.6078431372549
0.015,0.6,20,3.0,0.02,2.5,0.025,-0.004330165477609699,-0.24943791112534175,-0.33264936981956356,0.01208275556720987,50,0.32,0.9201941611000881,118.68
0.01,0.4,20,3.0,0.02,2.5,0.01,-0.0017776861641123833,-0.24991094403391736,-0.30572823389447246,0.004763833664049296,51,0.29411764705882354,0.9188649618836463,116.41176470588235
0.01,0.4,20,2.5,0.03,4.0,0.01,-0.0018674452727239987,-0.249948683572054,-0.30224766212075777,0.0046116605120077635,44,0.25,0.872806902141595,131.1818181818182
0.015,0.6,20,3.0,0.02,2.5,0.015,-0.0026045715422049398,-0.25077999059673567,-0.3343837745272596,0.007273806220428638,50,0.32,0.9200216159476982,118.68
0.015,0.6,50,3.0,0.03,2.5,0.01,-0.0017354457244598597,-0.2516180422135321,-0.3367230657336291,0.004759592119283943,57,0.3157894736842105,0.9415493923901199,100.47368421052632
0.01,0.5,20,2.5,0.02,2.5,0.025,-0.0050150324003999415,-0.25254802074499655,-0.32067793453833104,0.013734698862395497,63,0.30158730158730157,0.9214649590448357,93.71428571428571
0.01,0.7,20,2.0,0.08,4.0,0.025,-0.0042886129579113915,-0.2531756227993705,-0.3014859558418289,0.012695397973846917,48,0.20833333333333334,0.8834186656315981,76.45833333333333
0.01,0.7,20,2.0,0.08,3.0,0.01,-0.001732955292410479,-0.25823939572555127,-0.3009840753839534,0.004755670442983459,57,0.24561403508771928,0.9157487254863118,63.228070175438596
0.02,0.7,20,2.5,0.1,4.0,0.015,-0.0021691282072903413,-0.2592157868331001,-0.29498719298896725,0.005988657940799153,28,0.21428571428571427,0.8318052043526607,104.53571428571429
0.02,0.7,50,2.5,0.1,2.0,0.015,-0.002202064272487769,-0.26195016701789625,-0.2961439461179213,0.005973415448450351,36,0.3333333333333333,0.8594300046238728,81.0
0.02,0.7,20,2.5,0.1,2.5,0.015,-0.002222470211279142,-0.26637287593875886,-0.3028901896352049,0.005481754432970224,36,0.2777777777777778,0.8710538065945614,81.22222222222223
0.01,0.7,50,2.5,0.05,2.5,0.015,-0.0030159645018403534,-0.26653308582998436,-0.32359116798531345,0.010690605211234078,59,0.3389830508474576,0.9058668290299294,86.94915254237289
0.015,0.5,20,3.0,0.08,1.5,0.025,-0.003789697433577967,-0.2671931875108937,-0.3185283612858452,0.010583033421985178,53,0.41509433962264153,0.9428141429203487,63.75471698113208
0.005,0.4,50,2.5,0.02,2.5,0.015,-0.0033816992982800003,-0.26986344249538086,-0.33057194040915366,0.008603764502626548,58,0.29310344827586204,0.881668107190632,100.8103448275862
0.005,0.5,50,3.0,0.1,2.5,0.01,-0.0017152295848901849,-0.26994543683747013,-0.3385714455504384,0.004216074774094763,30,0.23333333333333334,0.8066766859568054,109.6
0.02,0.7,50,3.0,0.08,1.5,0.02,-0.0032618580604778253,-0.2704860106129861,-0.31689834877529743,0.009325270525858199,45,0.4222222222222222,0.8971422467931631,74.82222222222222
0.02,0.7,50,3.0,0.08,1.5,0.01,-0.0016298777953763783,-0.2709756323391087,-0.31740635928281746,0.004672121203370598,45,0.4222222222222222,0.8975482485554149,74.82222222222222
0.01,0.7,20,2.0,0.1,2.5,0.025,-0.003874332932444813,-0.27210184513827707,-0.32358934686507784,0.011652535023649766,51,0.3137254901960784,0.9150643476634206,61.05882352941177
0.02,0.7,50,2.5,0.1,2.5,0.015,-0.0022846314420821726,-0.27252631347590783,-0.30873730317859854,0.005177138260460453,37,0.2702702702702703,0.8680297253101932,75.91891891891892
0.01,0.6,20,2.0,0.1,1.5,0.015,-0.002237164272983791,-0.2729338052347368,-0.32995247041134956,0.004365142046431096,90,0.4222222222222222,1.0310530179931485,28.92222222222222
0.01,0.6,20,2.0,0.1,1.5,0.01,-0.0014906774390746431,-0.27309991684702495,-0.33014022397168064,0.0029114111644268446,90,0.4222222222222222,1.0311302529881778,28.92222222222222
0.015,0.7,20,2.5,0.1,2.5,0.02,-0.0032362839299855113,-0.27882092423706767,-0.3124204485014866,0.008244204756269734,37,0.2702702702702703,0.8548935298593414,82.0
0.02,0.6,20,3.0,0.1,2.5,0.015,-0.002281628527714929,-0.281364542416982,-0.33409471279361463,0.004875883737999968,32,0.28125,0.855720116252764,92.09375
0.005,0.6,50,2.5,0.02,2.0,0.01,-0.0021372946398414204,-0.2850774401872152,-0.36323186029146337,0.006864998374313954,84,0.36904761904761907,0.9591067669802991,68.88095238095238
0.01,0.7,50,2.0,0.08,3.0,0.015,-0.002883744029872614,-0.2862096922855116,-0.3353138030727562,0.007373895350518227,56,0.25,0.8841191411368559,62.982142857142854
0.02,0.6,50,2.0,0.05,2.5,0.025,-0.0050653870890047985,-0.29449752032748233,-0.36731126393818514,0.015241633935423217,75,0.30666666666666664,0.9435319707015863,57.346666666666664
0.005,0.4,20,2.5,0.02,2.0,0.02,-0.0047199596752860815,-0.29513178091175024,-0.3549091570694998,0.011654080701073188,78,0.34615384615384615,0.9262569785860941,74.05128205128206
0.005,0.5,20,2.5,0.02,2.5,0.025,-0.00544440036171407,-0.29726717213307857,-0.3656837066517921,0.012353250367556884,61,0.29508196721311475,0.8981271868197627,96.80327868852459
0.01,0.6,20,3.0,0.02,2.5,0.025,-0.005083746579455619,-0.2973212594606261,-0.38279140857535965,0.012043902105579936,49,0.32653061224489793,0.8885526706119782,121.46938775510205
0.02,0.7,20,3.0,0.08,1.5,0.01,-0.0018471195331343916,-0.3001419236048565,-0.3583520591534306,0.004924446698242022,48,0.4166666666666667,0.8835182323242229,75.29166666666667
0.005,0.7,20,2.0,0.1,3.0,0.02,-0.003551402121371357,-0.30104176313523856,-0.34566169979416134,0.009405402913987365,51,0.2549019607843137,0.8891243572157437,63.0
0.02,0.6,20,2.0,0.08,4.0,0.025,-0.004206078476796247,-0.3018935458519666,-0.340051110836406,0.010662889845812653,43,0.20930232558139536,0.8686266564565241,76.23255813953489
0.01,0.5,20,3.0,0.05,4.0,0.02,-0.004495721999242523,-0.3033503128139061,-0.3611033673196666,0.010662111866592454,29,0.2413793103448276,0.731792084640322,195.0344827586207
0.01,0.5,20,3.0,0.05,4.0,0.015,-0.0033745999202491658,-0.3038773134652829,-0.361731016636733,0.00800984816840559,29,0.2413793103448276,0.7317738332658021,195.0344827586207
0.005,0.6,50,3.0,0.08,2.5,0.025,-0.005251654128334194,-0.3060823488479889,-0.3727586542291467,0.012065098396430617,34,0.2647058823529412,0.7855220535971034,125.23529411764706
0.005,0.6,50,2.0,0.03,2.5,0.02,-0.004676568831215409,-0.30613604211388407,-0.3833946172670236,0.013033719346276118,93,0.3118279569892473,0.9557721846708972,56.54838709677419
0.005,0.6,50,2.0,0.03,2.5,0.01,-0.0023339862154668663,-0.3062247385193796,-0.3834589017561703,0.006536646200411038,93,0.3118279569892473,0.9564274654584995,56.54838709677419
0.005,0.6,20,2.5,0.02,2.0,0.025,-0.005840821659549692,-0.30973653226563025,-0.39305777027890737,0.017552318481920327,85,0.36470588235294116,0.9454956781216662,68.27058823529411
0.01,0.6,20,3.0,0.02,3.0,0.02,-0.004052906573012442,-0.3108325218052138,-0.4031629171842458,0.011149680825182933,38,0.2894736842105263,0.8426873102134046,156.68421052631578
0.02,0.4,20,2.5,0.05,4.0,0.025,-0.004877736725280411,-0.31296071750157595,-0.36877775737479845,0.012114314881344219,31,0.22580645161290322,0.7861645416418044,121.64516129032258
0.01,0.7,20,2.5,0.05,2.0,0.015,-0.0035376006630738264,-0.3130302267485952,-0.3774254761296903,0.010867973506360323,66,0.3484848484848485,0.8875972823683371,74.5
0.005,0.7,50,3.0,0.05,1.5,0.01,-0.0023979059129072993,-0.3132997752723655,-0.383039745027647,0.006350223205386353,68,0.4411764705882353,0.8967140975854734,74.08823529411765
0.005,0.7,20,2.5,0.1,2.5,0.01,-0.0019514892557484563,-0.31644626882312704,-0.3837319260154397,0.0043429776316305495,43,0.27906976744186046,0.8425152956455986,78.90697674418605
0.01,0.6,20,3.0,0.05,3.0,0.015,-0.0034468386243745046,-0.31962550823931557,-0.41066865855699625,0.008609970224444607,46,0.2826086956521739,0.8453079821523876,121.21739130434783
0.005,0.5,20,2.5,0.03,2.0,0.025,-0.006181421843016869,-0.3234056469368355,-0.4021052691843477,0.013724044831291325,78,0.34615384615384615,0.9153650430416053,72.14102564102564
0.02,0.7,20,2.5,0.08,3.0,0.015,-0.002999019227649842,-0.32352124113862274,-0.394687761341011,0.007979440071021275,38,0.23684210526315788,0.815320425081456,90.13157894736842
0.01,0.6,50,2.0,0.05,2.0,0.02,-0.004545591963003244,-0.3257552213118758,-0.4236856350585037,0.010745934988339628,107,0.34579439252336447,0.9848163743246945,41.03738317757009
0.01,0.4,20,2.5,0.02,2.0,0.01,-0.002529320955539006,-0.3260155665066816,-0.3809227747894415,0.006671186436585628,76,0.34210526315789475,0.9070175578510389,76.4342105263158
0.005,0.7,20,2.0,0.1,2.5,0.025,-0.0046709510936781586,-0.32699180450594584,-0.3876534187063181,0.012109970243327824,53,0.3018867924528302,0.8785785428944459,59.84905660377358
0.005,0.7,20,2.0,0.1,2.5,0.015,-0.002802042427982524,-0.32736991806732957,-0.3879949440158572,0.00728353167113613,53,0.3018867924528302,0.8788991575947978,59.84905660377358
0.02,0.6,50,2.0,0.1,4.0,0.015,-0.0026123986584036902,-0.32790495480924703,-0.35990572932188786,0.005489981736391637,32,0.1875,0.7778143124663354,81.59375
0.01,0.6,50,2.5,0.05,1.5,0.01,-0.0023399438186141198,-0.3280972546316346,-0.4111451725409586,0.006116715220183166,100,0.41,0.9706576109960918,45.99
0.01,0.6,50,2.0,0.1,1.5,0.015,-0.002719252532145765,-0.32848934058794504,-0.3895280556449123,0.004738505450102425,85,0.4,0.9866006098912238,28.152941176470588
0.02,0.6,50,2.5,0.03,2.5,0.02,-0.004910798564476572,-0.32941879578111055,-0.3989391876114135,0.01506967267531469,70,0.3,0.9034075289566589,81.58571428571429
0.01,0.6,50,3.0,0.02,3.0,0.02,-0.0043680215880559994,-0.33504111220308197,-0.4339997331465195,0.011177419627222653,39,0.28205128205128205,0.8289399655933171,152.4102564102564
0.005,0.7,50,2.5,0.1,2.0,0.025,-0.0051586662100622195,-0.33609053564947927,-0.410623565621151,0.012005980569418706,45,0.3333333333333333,0.8235422581003338,74.77777777777777
0.005,0.7,50,2.5,0.1,2.0,0.02,-0.004126769540737586,-0.33632721969003093,-0.410866474368854,0.009615392308354134,45,0.3333333333333333,0.8236977944756532,74.77777777777777
0.005,0.4,50,3.0,0.02,3.0,0.02,-0.005560388769918354,-0.338291233586068,-0.4162797157083672,0.013329829128815897,47,0.23404255319148937,0.8161201644731774,123.91489361702128
0.02,0.4,50,3.0,0.1,2.0,0.01,-0.001563801054100477,-0.34091767324161126,-0.4117731928467676,0.003924215896593316,32,0.3125,0.8585896828472024,68.875
0.02,0.5,50,2.5,0.1,1.5,0.01,-0.0016973620597434639,-0.3410204451917354,-0.34910557266901937,0.003680087493458862,49,0.3877551020408163,0.8967396541999784,42.59183673469388
0.02,0.4,50,3.0,0.1,2.0,0.025,-0.00391860253402323,-0.34107069909918347,-0.4119604361446781,0.009792900235865645,32,0.3125,0.8580900032796611,68.875
0.01,0.7,50,3.0,0.05,1.5,0.015,-0.003909931539262616,-0.34143171697221886,-0.41245932770936344,0.009607522123704177,68,0.4411764705882353,0.8783704213921477,73.30882352941177
0.005,0.6,50,2.0,0.05,2.0,0.015,-0.0037521893006593745,-0.34314634924615384,-0.43034671200789343,0.008433598484411097,105,0.34285714285714286,0.9637174977174707,42.733333333333334
0.015,0.4,50,3.0,0.02,3.0,0.015,-0.00338140674706141,-0.3432338713985228,-0.43358130035755266,0.007948718418950724,56,0.26785714285714285,0.8961302978486939,105.67857142857143
0.01,0.4,50,3.0,0.03,4.0,0.02,-0.005429112547843542,-0.34686476953797657,-0.3937394244512239,0.012243161850214223,30,0.23333333333333334,0.6898792022840083,196.43333333333334
0.015,0.6,50,3.0,0.08,2.5,0.02,-0.0043633785373478895,-0.34932850538868476,-0.4117718786842864,0.009293790768477927,33,0.24242424242424243,0.7625157109397322,113.24242424242425
0.02,0.6,50,2.5,0.05,4.0,0.01,-0.002433548759737314,-0.35387734151700206,-0.4707796838807978,0.005986637062308008,47,0.23404255319148937,0.8275816027825897,99.27659574468085
0.02,0.4,50,2.5,0.02,4.0,0.02,-0.003918782221044967,-0.3572358733977074,-0.4692144534430335,0.008295198545031437,46,0.2391304347826087,0.8670549559980862,127.95652173913044
0.005,0.6,20,3.0,0.1,2.5,0.015,-0.0034906061675582896,-0.35729702485068965,-0.4420312556873036,0.00686109816599066,41,0.2682926829268293,0.7994205986559606,91.65853658536585
0.01,0.5,50,2.5,0.05,4.0,0.01,-0.002607150891300407,-0.36160350740491237,-0.4514281956092814,0.0053873280272755935,42,0.23809523809523808,0.7761881321739829,123.45238095238095
0.005,0.7,50,2.5,0.1,4.0,0.01,-0.0022994828246608087,-0.36230825182733123,-0.43597666405769303,0.005198439502324985,33,0.21212121212121213,0.7245197374548371,105.6969696969697
0.005,0.4,20,2.5,0.05,3.0,0.01,-0.003000511269264098,-0.3626824243868254,-0.46062384574961873,0.00569097129507953,44,0.22727272727272727,0.7510186328261474,122.70454545454545
0.015,0.7,50,2.5,0.08,2.0,0.02,-0.004397235912195029,-0.3631446333495199,-0.439263218882301,0.010898783792302025,55,0.3090909090909091,0.8598036307620754,61.70909090909091
0.01,0.4,20,2.5,0.05,2.0,0.025,-0.006977300602933683,-0.3648801270973952,-0.4450797675196948,0.014400303376726695,59,0.3220338983050847,0.8232287393226215,86.08474576271186
0.01,0.4,20,2.5,0.05,2.0,0.02,-0.005583862956846715,-0.3652708893528136,-0.44553236982884986,0.011536294807748506,59,0.3220338983050847,0.8232285885812421,86.08474576271186
0.015,0.5,20,2.5,0.08,3.0,0.02,-0.004574185528192757,-0.36897549430923354,-0.4254025546533248,0.009791478458234377,46,0.2391304347826087,0.8312044999218233,78.21739130434783
0.015,0.5,20,2.5,0.08,3.0,0.015,-0.0034317007634873152,-0.3692302738541979,-0.42564699198901057,0.00735359991256119,46,0.2391304347826087,0.8312789688891896,78.21739130434783
0.015,0.7,20,2.5,0.03,3.0,0.025,-0.006946485829958255,-0.36965986309441035,-0.4800483992697526,0.01415132848038036,59,0.2711864406779661,0.8475380116089563,99.22033898305085
0.01,0.7,20,2.5,0.05,1.5,0.02,-0.005252167150874884,-0.3702540863932455,-0.45762378112365937,0.012754273604989876,98,0.3979591836734694,0.9443832658342496,50.10204081632653
0.02,0.5,50,2.0,0.08,4.0,0.025,-0.0050185666192209466,-0.3702934734601656,-0.42087244236547405,0.011452651536890231,39,0.20512820512820512,0.7955938815727606,71.82051282051282
0.015,0.6,50,2.5,0.1,2.0,0.01,-0.002021282958570373,-0.3703943883082662,-0.39261283449947015,0.0035399447544733112,45,0.3111111111111111,0.8363717305023715,57.13333333333333
0.02,0.7,50,2.5,0.03,2.5,0.025,-0.007462993149970717,-0.3705717622367766,-0.4696411395769428,0.01961808081455444,66,0.2878787878787879,0.8487433443944488,87.04545454545455
0.005,0.5,50,2.5,0.1,2.0,0.01,-0.002018921009984915,-0.37145925632243176,-0.4678813092076107,0.004021006956911449,48,0.3125,0.8568355200020079,56.3125
0.005,0.7,20,3.0,0.1,2.5,0.01,-0.0023876918875116097,-0.3718369237430997,-0.44678153467730003,0.0052508865772398355,36,0.2777777777777778,0.7709238951443658,98.97222222222223
0.02,0.4,50,2.5,0.02,2.5,0.025,-0.006425727239194675,-0.3730792429002421,-0.4547797818353079,0.016040315052988852,60,0.2833333333333333,0.8571337497051793,97.3
0.015,0.6,50,3.0,0.1,3.0,0.01,-0.00218122037665089,-0.3739439047856091,-0.4357993649493794,0.0041418232943620185,26,0.19230769230769232,0.6787971472135773,130.42307692307693
0.005,0.6,20,2.5,0.05,1.5,0.025,-0.007003777074244863,-0.3746522069124607,-0.4345489006157243,0.016772986564379526,102,0.4019607843137255,0.940706801713549,46.76470588235294
0.005,0.7,50,2.0,0.05,2.0,0.01,-0.002681375674713927,-0.37736392742119484,-0.47036307339272104,0.006408061889683859,97,0.35051546391752575,0.9321205641638645,47.92783505154639
0.01,0.6,50,2.5,0.02,2.5,0.025,-0.007324309588228643,-0.3779403258395514,-0.4773191828127117,0.01734467329890871,67,0.29850746268656714,0.8606491018506643,87.61194029850746
0.01,0.7,20,2.5,0.03,3.0,0.015,-0.004284175964775349,-0.3779976547228594,-0.48351086852419467,0.008790823981209596,59,0.2711864406779661,0.8415001347153183,99.28813559322033
0.01,0.6,50,2.5,0.02,2.5,0.02,-0.00586414299801123,-0.37844489590578295,-0.477908789038318,0.013904092921973676,67,0.29850746268656714,0.8606475807001522,87.61194029850746
0.015,0.5,20,2.0,0.08,2.0,0.01,-0.0021632156507854234,-0.3793091823967687,-0.41733395266113876,0.004768072168256533,78,0.3333333333333333,0.9331646300966057,38.782051282051285
0.01,0.6,50,2.5,0.1,1.5,0.02,-0.004587963931057894,-0.3816663973956789,-0.4151674164739969,0.0076618331585699305,62,0.3709677419354839,0.8726222760704476,44.645161290322584
0.02,0.5,20,2.5,0.08,1.5,0.02,-0.004432421910096018,-0.3816903906730386,-0.3874286648990463,0.010046282211686831,61,0.39344262295081966,0.8871965646566496,50.19672131147541
0.005,0.6,50,3.0,0.05,2.0,0.02,-0.005822079966455931,-0.38203661699266017,-0.49967854393656486,0.011910576877833413,54,0.3148148148148148,0.8048795962588183,96.35185185185185
0.005,0.4,50,2.5,0.03,3.0,0.02,-0.0062853402480504885,-0.3852962649177289,-0.47465856270093226,0.012078206444288067,53,0.2641509433962264,0.7840584782557454,106.39622641509433
0.005,0.5,20,2.5,0.08,2.5,0.025,-0.007402514078549284,-0.3904840751514842,-0.4872361960948731,0.015430877178404386,57,0.24561403508771928,0.8059620027519808,81.57894736842105
0.005,0.5,50,3.0,0.03,1.5,0.02,-0.005754348788878706,-0.39248862377878935,-0.5002670024425172,0.010720934960676262,77,0.38961038961038963,0.8878734539827988,70.32467532467533
0.005,0.7,20,3.0,0.05,1.5,0.015,-0.004379055416410265,-0.39315181809501315,-0.4794741372176725,0.010098399178983848,74,0.4189189189189189,0.8720613763539345,69.27027027027027
0.02,0.7,20,3.0,0.1,3.0,0.025,-0.005243579622876423,-0.3936852201476701,-0.4531810422611565,0.010664105742060923,25,0.24,0.7102238983089423,122.72
0.005,0.4,50,3.0,0.03,1.5,0.01,-0.0030307599914557067,-0.39382339097112035,-0.47854953526434957,0.005702967434168539,73,0.3972602739726027,0.8645562696585765,75.35616438356165
0.005,0.6,20,3.0,0.03,2.0,0.01,-0.0027916155676745986,-0.39390082062403203,-0.5142232867960513,0.005452320931722466,65,0.3384615384615385,0.8738348907587479,88.53846153846153
0.005,0.5,20,3.0,0.1,2.0,0.025,-0.0062906611502749725,-0.39396184015149366,-0.5133705442452866,0.012186016249811719,43,0.2558139534883721,0.7981593960071025,79.04651162790698
0.02,0.7,20,3.0,0.1,3.0,0.01,-0.002098306707998272,-0.3940518661386362,-0.45342424402464565,0.004280468856837486,25,0.24,0.7106273279166827,122.72
0.02,0.5,50,3.0,0.08,4.0,0.025,-0.005546060458656284,-0.3945917275697772,-0.46128477643275395,0.011387730107317173,22,0.18181818181818182,0.6436485050575443,143.3181818181818
0.01,0.4,50,3.0,0.02,1.5,0.01,-0.0028059829897036253,-0.39465876000719075,-0.46797875078857454,0.005982878489306462,78,0.3974358974358974,0.8998720230107977,73.62820512820512
0.015,0.6,20,3.0,0.1,2.5,0.025,-0.005844885608046606,-0.39629831857022246,-0.4749806474137163,0.010483702383420581,36,0.25,0.7659005525379244,93.72222222222223
0.01,0.5,20,2.5,0.02,3.0,0.02,-0.005675795001526858,-0.39638252167703514,-0.48976999167556645,0.00996393408861785,60,0.25,0.8415441325982814,98.48333333333333
0.005,0.5,50,3.0,0.08,1.5,0.025,-0.006902707852879976,-0.3973148473145703,-0.47421964098437625,0.015153836467009471,58,0.3793103448275862,0.8299831625955086,67.60344827586206
0.005,0.5,50,3.0,0.08,1.5,0.01,-0.002759889468098845,-0.3976908846599603,-0.4745189090725914,0.006085703746932307,58,0.3793103448275862,0.8302410641769574,67.60344827586206
0.005,0.6,20,2.5,0.1,2.5,0.015,-0.003699105153362907,-0.400577082002751,-0.49034978693977727,0.006869083792450515,50,0.26,0.8155374961318455,69.58
0.005,0.7,50,2.5,0.02,1.5,0.01,-0.003141905800522363,-0.400843272668148,-0.51641096849329,0.0062107008948585575,119,0.40336134453781514,0.9496134291448727,48.52100840336134
0.02,0.7,20,2.0,0.02,2.0,0.025,-0.008125435767687305,-0.404165562386741,-0.5240737611660097,0.015633386049362544,118,0.3559322033898305,0.9350441234033069,49.983050847457626
0.005,0.5,20,2.0,0.1,2.0,0.015,-0.0036675821154548613,-0.4056486118132845,-0.4558579666101468,0.006905385621615609,70,0.3142857142857143,0.8817617782886011,39.114285714285714
0.01,0.5,50,3.0,0.02,1.5,0.02,-0.0057643114508387225,-0.40686552772269713,-0.49045251973821574,0.011809678631894019,75,0.38666666666666666,0.8836361658208524,76.32
0.01,0.5,50,3.0,0.02,1.5,0.015,-0.00432365050547407,-0.4070498495954521,-0.49064354076893546,0.008869132699437409,75,0.38666666666666666,0.8837187951616366,76.32
0.02,0.7,50,3.0,0.08,4.0,0.015,-0.0040329423131217484,-0.4095834472529709,-0.4937448165946891,0.009432709444131548,32,0.21875,0.7095986268742008,113.15625
0.01,0.5,20,3.0,0.08,2.5,0.015,-0.004376885738049168,-0.40969737910937154,-0.534523619489935,0.008793769708711026,42,0.23809523809523808,0.7555784675987248,109.71428571428571
0.015,0.6,50,3.0,0.1,4.0,0.01,-0.002465231510757003,-0.4122142407597686,-0.47594476525466306,0.004439417214788026,24,0.16666666666666666,0.5999916305785555,143.04166666666666
0.015,0.6,50,2.0,0.1,4.0,0.01,-0.0023279228098537713,-0.41281689738797406,-0.4436888986916366,0.004377265219595838,36,0.16666666666666666,0.707559479340823,77.80555555555556
0.015,0.7,20,3.0,0.1,2.5,0.01,-0.002354214596483216,-0.4133338161771412,-0.47645782798881603,0.004582543588730147,29,0.2413793103448276,0.7155889753970229,104.34482758620689
0.015,0.6,20,2.0,0.05,2.5,0.015,-0.0043902664323851055,-0.4150488702074702,-0.5006051873565003,0.010206690322441177,83,0.2891566265060241,0.87972779922731,57.83132530120482
0.005,0.5,50,2.0,0.03,4.0,0.01,-0.003372825508550013,-0.4168798070915661,-0.5391845493485496,0.005252898560747473,73,0.2054794520547945,0.8315369028405687,75.76712328767124
0.015,0.4,20,2.5,0.05,4.0,0.01,-0.0029732701134780656,-0.4170670628084015,-0.49851421779668253,0.005614029082536622,35,0.22857142857142856,0.6751939926814354,131.42857142857142
0.015,0.6,50,3.0,0.08,3.0,0.01,-0.0026444497285246327,-0.4234177747270578,-0.49763644324443507,0.005541025195648153,32,0.21875,0.6981098559254132,119.5
0.005,0.5,50,2.0,0.05,4.0,0.02,-0.006354518461681583,-0.42346558881544877,-0.5540562782735294,0.011141126148709738,63,0.20634920634920634,0.8013963706031301,79.84126984126983
0.005,0.5,50,3.0,0.02,3.0,0.015,-0.00435327506805741,-0.4235872103844992,-0.5328088190493225,0.008121904013385832,48,0.25,0.8079275801691839,123.75
0.005,0.7,20,3.0,0.1,2.0,0.015,-0.0038676431308835163,-0.4248749866004068,-0.5134365624974274,0.0076967043671104405,45,0.3111111111111111,0.7956990466673021,77.11111111111111
0.01,0.7,20,2.5,0.02,3.0,0.025,-0.008032701853471954,-0.42698583782949595,-0.5403176297916782,0.015375257138331643,61,0.26229508196721313,0.8183188567599368,98.0
0.02,0.4,20,3.0,0.08,1.5,0.015,-0.0034905400895507773,-0.4273357680710937,-0.495607383993996,0.006735575137723457,38,0.34210526315789475,0.7802001082895849,70.65789473684211
0.005,0.4,50,2.5,0.02,2.0,0.02,-0.006984209245518723,-0.4295772125562748,-0.5008852706227547,0.014239671717230845,84,0.32142857142857145,0.8542677648035548,68.82142857142857
0.02,0.7,50,3.0,0.08,2.5,0.025,-0.006764560566411092,-0.42961425163285494,-0.5070479863048617,0.015126791669028925,36,0.25,0.7351475832529878,95.02777777777777
0.005,0.5,20,3.0,0.03,3.0,0.01,-0.0035789856610787684,-0.42963957580055134,-0.531965722858323,0.006276139848756841,48,0.22916666666666666,0.7481940018781134,121.91666666666667
0.02,0.5,50,2.5,0.08,4.0,0.025,-0.005988121029899921,-0.4299057213843121,-0.4732462051118699,0.012715844789935577,26,0.19230769230769232,0.645649613648073,111.53846153846153
0.01,0.6,50,2.5,0.02,3.0,0.01,-0.002932886012632371,-0.43197725588792385,-0.5304287895892899,0.005497493719236019,62,0.27419354838709675,0.8492012695110965,94.88709677419355
0.01,0.6,20,2.5,0.05,3.0,0.01,-0.0030835293701179036,-0.4348076693234522,-0.5418886831612834,0.006893923166314977,62,0.22580645161290322,0.8255350579782526,85.93548387096774
0.01,0.5,50,3.0,0.08,2.0,0.02,-0.00601710742523952,-0.4371137513036193,-0.5560737305147471,0.011867632937947854,45,0.28888888888888886,0.7531809502051192,95.04444444444445
0.005,0.4,20,2.5,0.03,2.5,0.01,-0.003464581953927991,-0.4373328529907342,-0.522892254921097,0.006370588315086609,63,0.2698412698412698,0.7903511626226869,91.15873015873017
0.02,0.6,50,2.5,0.03,1.5,0.015,-0.004495866734366137,-0.4380671821915699,-0.5196575014709541,0.010037243840534373,111,0.40540540540540543,0.9459557450092679,48.153153153153156
0.02,0.7,20,2.0,0.08,3.0,0.025,-0.006529683772651333,-0.43825229693772955,-0.5027526501113622,0.01276349963521748,55,0.21818181818181817,0.8052047564650396,55.61818181818182
0.01,0.5,20,2.5,0.03,4.0,0.025,-0.008180008250659303,-0.43838423019389156,-0.5296272553197673,0.013903304574427445,48,0.22916666666666666,0.738290688493336,119.91666666666667
0.01,0.4,20,3.0,0.08,4.0,0.015,-0.004884595900895656,-0.4387392987369451,-0.548290372685343,0.008994044477782053,27,0.18518518518518517,0.5591420518290702,170.03703703703704
0.005,0.5,20,3.0,0.03,1.5,0.02,-0.006539828626752133,-0.4396430485024666,-0.5647630063063583,0.011476054624882385,78,0.3717948717948718,0.8628514115952635,71.61538461538461
0.005,0.5,20,3.0,0.03,1.5,0.015,-0.004904377389981819,-0.43972610594233563,-0.5648631905222901,0.00861622004158067,78,0.3717948717948718,0.8630350746020228,71.61538461538461
0.01,0.5,50,3.0,0.1,2.0,0.015,-0.004178369927339081,-0.44033879201338344,-0.5546589166613906,0.0075944831502915795,37,0.24324324324324326,0.7019531725124412,88.4054054054054
0.015,0.5,50,3.0,0.08,2.0,0.025,-0.006691888935992902,-0.4427741798943567,-0.5126756273563433,0.01325141956859122,41,0.2926829268292683,0.7659925635831097,86.48780487804878
0.005,0.5,50,3.0,0.03,3.0,0.015,-0.005504669132265262,-0.44384418085347366,-0.5478006433770114,0.009307062438225218,49,0.22448979591836735,0.7427436895132155,117.0204081632653
0.015,0.4,20,3.0,0.08,2.0,0.025,-0.006963226579564216,-0.445320007400995,-0.5299877959267824,0.012532567709274411,41,0.2926829268292683,0.7504961003090996,90.0
0.015,0.4,20,2.5,0.08,4.0,0.02,-0.0058460364978961295,-0.44926680839702654,-0.5155108502253305,0.010281531062073994,30,0.2,0.6085884702981488,121.6
0.005,0.5,20,2.5,0.05,2.5,0.02,-0.007274616599118599,-0.45259420970889,-0.5431453418223853,0.014165080695304727,61,0.2459016393442623,0.7766187359214233,89.34426229508196
0.005,0.5,50,3.0,0.05,2.0,0.02,-0.00683426382466816,-0.4528575415461458,-0.5646974341296873,0.013468423935975738,51,0.29411764705882354,0.7510203430789414,100.90196078431373
0.005,0.4,50,3.0,0.03,2.0,0.015,-0.005575558764804446,-0.4544117893061662,-0.5698736381263804,0.009494731070571881,62,0.3225806451612903,0.7850834353421512,90.96774193548387
0.015,0.6,20,3.0,0.05,3.0,0.01,-0.003223525943910936,-0.4552487206223263,-0.5872579897326433,0.005577655990695665,48,0.2708333333333333,0.7711206873375447,113.75
0.01,0.7,20,2.5,0.03,4.0,0.025,-0.008175490872366499,-0.457193883678058,-0.6172373712203602,0.015339020214097172,51,0.23529411764705882,0.7666136254217591,115.41176470588235
0.005,0.5,50,3.0,0.08,2.5,0.015,-0.005181849095859943,-0.45879785665080597,-0.5852352515631589,0.010163747558892476,41,0.24390243902439024,0.6858286094099115,115.4390243902439
0.005,0.5,20,3.0,0.03,2.5,0.01,-0.003794056924685137,-0.45954902120597874,-0.5939856469512427,0.006040551359659301,53,0.2641509433962264,0.7471868139103838,110.20754716981132
0.02,0.6,50,3.0,0.03,2.5,0.01,-0.0030413967530483203,-0.4602858044804132,-0.5852287120490949,0.006652338599768851,61,0.29508196721311475,0.8469444539264129,95.06557377049181
0.015,0.6,20,3.0,0.03,2.0,0.025,-0.00898891482568346,-0.4639632365770282,-0.6056868322682255,0.017704310307160395,69,0.3188405797101449,0.8263409200661334,83.18840579710145
0.015,0.6,20,3.0,0.03,2.0,0.01,-0.0035990594299518852,-0.46472259769864127,-0.6065454538003402,0.007118631960680028,69,0.3188405797101449,0.8266975028425995,83.18840579710145
0.015,0.5,50,2.0,0.1,3.0,0.02,-0.004877365409146587,-0.466095784923067,-0.5119506055427905,0.009290298618320158,42,0.19047619047619047,0.7456630813977284,56.92857142857143
0.015,0.7,50,3.0,0.08,4.0,0.025,-0.008022523946410074,-0.4662495446545907,-0.5688191534523476,0.016595353730024572,35,0.2,0.6662483390122798,115.4
0.015,0.7,50,3.0,0.08,4.0,0.015,-0.004819736693958257,-0.46694801755784116,-0.5695368511155807,0.00999346008254387,35,0.2,0.6666869069334146,115.4
0.005,0.4,20,3.0,0.05,1.5,0.015,-0.005487556506372202,-0.4677144113373891,-0.5746656999364588,0.0099272418410157,61,0.36065573770491804,0.7672405260593279,84.21311475409836
0.015,0.7,50,3.0,0.02,4.0,0.025,-0.00863315082015848,-0.4677177964091005,-0.6283829677048908,0.017432294056136673,39,0.23076923076923078,0.7253030048639482,153.3846153846154
0.01,0.6,20,2.0,0.05,2.0,0.01,-0.0032371600789883816,-0.4678705230731323,-0.5959802678990694,0.00597585412446427,116,0.33620689655172414,0.9312574833010829,40.16379310344828
0.01,0.5,50,3.0,0.1,1.5,0.02,-0.005876888734461972,-0.4707055677413694,-0.5281183218619786,0.010702346858222772,47,0.3404255319148936,0.7555806904913999,63.48936170212766
0.01,0.5,50,2.5,0.08,2.5,0.02,-0.006697561939060397,-0.4711601348306841,-0.5858132877566741,0.0123055678232378,46,0.21739130434782608,0.6915970560274286,88.78260869565217
0.005,0.6,50,2.5,0.1,4.0,0.015,-0.004309186803442862,-0.4715736648215958,-0.5872700351773295,0.0067845266783406934,38,0.15789473684210525,0.6920693369174052,82.92105263157895
0.01,0.5,20,2.5,0.08,2.0,0.01,-0.0034020823271652626,-0.47315842157261223,-0.5315075177644454,0.006406526973719407,58,0.29310344827586204,0.7486248858074723,70.70689655172414
0.02,0.6,20,3.0,0.08,2.0,0.02,-0.005236664991118159,-0.4732762081956816,-0.5566690188640283,0.009514012241579385,44,0.29545454545454547,0.7916792380929593,75.45454545454545
0.01,0.4,50,2.5,0.05,2.5,0.025,-0.009256738388110388,-0.4739205716243761,-0.5776109891149672,0.015518503800060084,51,0.23529411764705882,0.707252402540698,97.31372549019608
0.015,0.6,20,2.5,0.03,2.0,0.02,-0.007109424948065425,-0.47607852605087353,-0.5578468510681446,0.016413118531262167,82,0.32926829268292684,0.8422622563456413,67.1219512195122
0.005,0.4,50,2.5,0.05,3.0,0.01,-0.003942361364846874,-0.4810467861651445,-0.60204320641926,0.006351601598309008,47,0.2127659574468085,0.6757585563400613,111.2127659574468
0.005,0.6,50,2.5,0.02,3.0,0.01,-0.003603794176114316,-0.4821334648023756,-0.5764772104673759,0.006701886915052459,66,0.25757575757575757,0.8077186580220509,88.71212121212122
0.015,0.4,20,3.0,0.1,2.0,0.015,-0.003869682591522287,-0.4828949448037291,-0.5709231245299125,0.007720528354521994,40,0.275,0.778199381211623,78.3
0.01,0.5,50,3.0,0.02,2.5,0.02,-0.006790804553892085,-0.4833317535371614,-0.612543967729433,0.011436494237263969,58,0.27586206896551724,0.8038575842433413,101.17241379310344
0.015,0.5,50,2.5,0.1,1.5,0.015,-0.0038576357810010085,-0.48451546046633387,-0.49305046806454605,0.0066953047841360165,56,0.35714285714285715,0.8205288812053941,40.94642857142857
0.01,0.4,20,2.5,0.08,4.0,0.025,-0.009004887464075581,-0.48913165602302194,-0.6118045323105548,0.015125000252227377,34,0.17647058823529413,0.5649317134476416,132.55882352941177
0.015,0.4,20,2.5,0.02,3.0,0.025,-0.008300810816125014,-0.49226810427372536,-0.5899089020438163,0.014603188655533061,60,0.25,0.804743903959873,99.66666666666667
0.005,0.5,50,3.0,0.1,3.0,0.015,-0.004842745457948767,-0.49329465021638375,-0.648622544213659,0.008240395490246593,32,0.15625,0.6016775541539088,111.65625
0.01,0.4,20,3.0,0.03,1.5,0.015,-0.005659777079242049,-0.4980579697732436,-0.590175470996553,0.009865446639726966,80,0.3875,0.8332927453691772,68.8125
0.01,0.6,20,2.0,0.05,4.0,0.015,-0.005245431328693085,-0.49857367353424414,-0.6433402080592634,0.009553318353863633,69,0.2028985507246377,0.7976843261939165,75.01449275362319
0.015,0.4,50,3.0,0.02,2.5,0.02,-0.00695220204543788,-0.501318034056055,-0.6236388743336837,0.011776041437465518,56,0.26785714285714285,0.7878822677913578,105.94642857142857
0.005,0.6,20,2.5,0.02,3.0,0.01,-0.0037310669188862083,-0.5032358829856811,-0.6098593772945939,0.006831538225649017,66,0.25757575757575757,0.7972288185243055,88.92424242424242
0.02,0.4,50,3.0,0.02,2.5,0.025,-0.007889463660331967,-0.5040280424011448,-0.6213475017475578,0.01392644181333154,55,0.2909090909090909,0.8072539491004044,107.34545454545454
0.015,0.4,20,3.0,0.05,2.5,0.02,-0.007248584486221662,-0.5076208871846967,-0.6321958620550024,0.01155259815032673,46,0.2391304347826087,0.7249705556633548,98.47826086956522
0.005,0.6,50,3.0,0.1,2.5,0.02,-0.006824473974632129,-0.5084130160058281,-0.632381864843795,0.009705850960396164,36,0.19444444444444445,0.6269483424918838,93.05555555555556
0.01,0.4,20,2.5,0.03,3.0,0.01,-0.003812946687726799,-0.510258166223665,-0.6090204180529121,0.006246384408833776,56,0.25,0.7345033034918349,102.58928571428571
0.01,0.4,20,2.5,0.1,2.0,0.01,-0.0032852013565567903,-0.5103970375027911,-0.6132703256298468,0.006078371136272444,50,0.3,0.7249303648569354,65.56
0.005,0.5,50,2.5,0.05,2.5,0.015,-0.006115561886288197,-0.513786197291651,-0.6144792950218189,0.011014313125438081,62,0.24193548387096775,0.7459081323952698,86.06451612903226
0.005,0.6,50,3.0,0.1,4.0,0.01,-0.0034257061911505296,-0.5163326234178203,-0.635819601100191,0.005122851225317791,30,0.13333333333333333,0.5553724648013755,118.76666666666667
0.015,0.5,50,3.0,0.08,4.0,0.015,-0.004838300405975606,-0.5179392764185045,-0.6102501898601241,0.008511638114336969,27,0.18518518518518517,0.5476815285930331,139.62962962962962
0.02,0.6,50,2.5,0.02,2.5,0.01,-0.0037443971856501593,-0.5198341520600152,-0.6258636334695201,0.008730286189216391,73,0.273972602739726,0.817067852335067,81.27397260273973
0.01,0.5,50,3.0,0.1,4.0,0.02,-0.006857852611921262,-0.5210562954184695,-0.643416968425201,0.011761371203759247,26,0.11538461538461539,0.47706738631335105,129.73076923076923
0.01,0.4,20,3.0,0.1,4.0,0.015,-0.0053768351885184525,-0.5248425588468372,-0.6748838313439074,0.009328083148846573,25,0.12,0.4796285849005758,148.52
0.01,0.4,20,3.0,0.05,2.0,0.025,-0.010437999210412672,-0.5274590122666838,-0.6516635106982989,0.01666242506070562,54,0.2777777777777778,0.7150641538679786,95.87037037037037
0.02,0.7,20,2.0,0.05,2.0,0.01,-0.00352474409153132,-0.5275865588280052,-0.6776878010440183,0.006560961420053636,107,0.32710280373831774,0.8926391855057173,46.532710280373834
0.01,0.6,20,2.5,0.05,2.5,0.02,-0.007483592803315696,-0.5277678610329288,-0.6345082870677009,0.014674049699267971,67,0.2537313432835821,0.7846126793712296,78.74626865671642
0.01,0.4,20,3.0,0.05,2.0,0.02,-0.008357219202820561,-0.5278585240126658,-0.6521065269218981,0.01335210877220585,54,0.2777777777777778,0.7149673359419653,95.87037037037037
0.02,0.7,20,2.0,0.03,4.0,0.02,-0.008027387044374045,-0.529774076132922,-0.6907692071905225,0.013891524432678137,81,0.2222222222222222,0.8102606452679977,70.60493827160494
0.005,0.6,50,2.5,0.1,2.0,0.01,-0.0032249273574573452,-0.5303481150321461,-0.6377047424391911,0.004525280939749612,53,0.2830188679245283,0.7377449766922092,53.56603773584906
0.02,0.4,50,2.5,0.05,2.5,0.025,-0.00821086791162932,-0.5309726426336858,-0.6255430579141527,0.012890633163644178,45,0.2222222222222222,0.7237470667014723,77.5111111111111
0.01,0.4,20,3.0,0.08,1.5,0.02,-0.007534601973606914,-0.5360121383309772,-0.6751799262802993,0.013067346056418726,52,0.3269230769230769,0.7020384256679472,75.78846153846153
0.01,0.5,20,2.5,0.1,2.0,0.015,-0.005048185640066367,-0.5370872208650481,-0.5948913786736229,0.008135194694868144,51,0.27450980392156865,0.7212478921124056,56.96078431372549
0.02,0.7,50,2.5,0.05,2.0,0.02,-0.00782085999975374,-0.5378833369754219,-0.6480462251018101,0.014607788041006832,75,0.3333333333333333,0.792793488762405,65.46666666666667
0.015,0.4,20,2.0,0.1,2.5,0.015,-0.004146381329625874,-0.5385418205136819,-0.6187860410459339,0.007620624340405763,51,0.2549019607843137,0.7695704248866427,47.705882352941174
0.015,0.7,20,2.5,0.05,2.0,0.015,-0.00591378128249984,-0.538632571903358,-0.6623031470760918,0.011105373506445892,75,0.3333333333333333,0.7886971149240759,66.61333333333333
0.01,0.5,50,2.5,0.03,3.0,0.01,-0.004021366870580241,-0.5390499818389042,-0.6719191508774911,0.006189971213167163,58,0.22413793103448276,0.7277810226266928,98.89655172413794
0.015,0.5,20,2.5,0.05,4.0,0.025,-0.009419229313877587,-0.539215226609268,-0.6483443001072166,0.01536986452077045,43,0.20930232558139536,0.6531923844650371,120.32558139534883
0.005,0.6,50,2.0,0.1,2.0,0.01,-0.0032460048909756004,-0.5394137947743398,-0.6007443948141284,0.00447402511679284,72,0.2777777777777778,0.8056744618887185,35.22222222222222
0.005,0.6,20,2.0,0.1,2.5,0.025,-0.00797225009237227,-0.5401130113216506,-0.6191970549046643,0.012436527074443156,63,0.2698412698412698,0.7741267846914904,48.492063492063494
0.005,0.6,20,2.0,0.1,2.5,0.02,-0.006380172448510711,-0.5402310840402405,-0.6192728936456843,0.009960361801440153,63,0.2698412698412698,0.7741980520403292,48.492063492063494
0.005,0.4,20,2.0,0.02,2.5,0.015,-0.00671275797186463,-0.5412768426849005,-0.6124989529542885,0.01161085494356361,110,0.2818181818181818,0.8443167179341415,52.06363636363636
0.005,0.5,50,3.0,0.03,2.0,0.025,-0.01116418685113531,-0.5436554210190423,-0.7019732121800082,0.016193125977427215,65,0.2923076923076923,0.7419721789395382,87.67692307692307
0.005,0.5,20,2.0,0.05,2.5,0.025,-0.010473741971260024,-0.5459344859078492,-0.6300405407101736,0.01718121549164129,87,0.27586206896551724,0.7921701087127652,57.12643678160919
0.005,0.4,20,2.5,0.1,2.5,0.01,-0.0038785006779823742,-0.548377307050398,-0.6245532175412595,0.0065627331811261656,48,0.20833333333333334,0.6776903932985204,73.1875
0.005,0.5,50,2.0,0.05,2.5,0.015,-0.006216157957718387,-0.5484297522970984,-0.6449044099878408,0.010598805545932441,87,0.27586206896551724,0.7947401520942512,55.51724137931034
0.02,0.4,50,2.0,0.08,4.0,0.025,-0.0077165390610102625,-0.5486171377511541,-0.6200936793157362,0.013226413331078933,37,0.16216216216216217,0.6586780779448853,68.48648648648648
0.015,0.4,20,3.0,0.02,1.5,0.01,-0.0037364009714777055,-0.5498619289381264,-0.6652916505528566,0.006903324055832238,78,0.358974358974359,0.8335711919777566,74.96153846153847
0.005,0.4,50,2.5,0.02,1.5,0.01,-0.004454334148834459,-0.5515477316329974,-0.6471220185113609,0.007537357184737584,115,0.3826086956521739,0.8653764943367808,49.469565217391306
0.01,0.4,20,3.0,0.08,2.0,0.01,-0.004021725629575376,-0.5518329195180253,-0.698166446209452,0.006647192458602039,43,0.2558139534883721,0.6354429484679786,103.83720930232558
0.015,0.5,50,2.5,0.02,2.0,0.01,-0.004021218968089379,-0.552248522520029,-0.669425324654348,0.007715523782736809,83,0.30120481927710846,0.8074260654329032,69.67469879518072
0.01,0.7,50,3.0,0.02,1.5,0.01,-0.004388728153470147,-0.554307097108121,-0.6709620689179535,0.008367592305574227,75,0.38666666666666666,0.7701196216517541,77.88
0.02,0.4,50,3.0,0.05,2.5,0.015,-0.005242713727077644,-0.5545786049782659,-0.6409889410974732,0.009099245727667495,39,0.23076923076923078,0.6921221866103924,94.28205128205128
0.005,0.7,20,2.0,0.03,2.0,0.025,-0.010620066625626205,-0.554700004982129,-0.7399216837616069,0.017520967260651457,127,0.3464566929133858,0.8867915505628539,42.78740157480315
0.01,0.6,20,3.0,0.1,4.0,0.025,-0.009074640088457672,-0.5548352079320752,-0.6934686392208452,0.01448504237064737,28,0.14285714285714285,0.4937978150561538,137.03571428571428
0.005,0.7,20,2.0,0.03,2.0,0.01,-0.00425008828899372,-0.554854447237995,-0.7401126666909279,0.0070374710735552955,127,0.3464566929133858,0.8875881863056835,42.78740157480315
0.01,0.5,50,3.0,0.1,3.0,0.015,-0.0054454748200366155,-0.5561048529683854,-0.6926264820706302,0.0091309949230718,33,0.15151515151515152,0.5687577644018973,101.06060606060606
0.005,0.5,50,2.0,0.1,4.0,0.02,-0.0066998924727944545,-0.5578877975834559,-0.6454234147477773,0.010985314230635056,42,0.14285714285714285,0.6343737063787505,66.88095238095238
0.02,0.6,20,3.0,0.05,2.0,0.015,-0.005837495352565747,-0.5605546523970419,-0.6564996427438091,0.009227636379269209,65,0.3230769230769231,0.7843619675246644,80.12307692307692
0.015,0.6,20,3.0,0.08,2.0,0.025,-0.008474831508761126,-0.5605581679522488,-0.6611713681288586,0.014096968004300653,47,0.2765957446808511,0.7305165950172556,81.87234042553192
0.005,0.4,20,2.0,0.05,4.0,0.02,-0.009195552471336268,-0.5616886158126612,-0.6925396244372138,0.014436219183768226,65,0.18461538461538463,0.7038295645072954,82.33846153846154
0.01,0.6,20,2.0,0.05,3.0,0.01,-0.004133710760937247,-0.5628611069066435,-0.6653691732069951,0.006183700702086142,84,0.25,0.7899251236884973,60.583333333333336
0.02,0.4,20,2.5,0.05,2.5,0.02,-0.006955637519609882,-0.5628785295250063,-0.6636251555180216,0.010706234245138646,46,0.21739130434782608,0.7098514088984763,76.28260869565217
0.01,0.5,50,2.5,0.1,3.0,0.01,-0.0034863025739780276,-0.5645681197045597,-0.6796191040035954,0.005557191158170218,35,0.17142857142857143,0.5890675503089233,87.17142857142858
0.005,0.6,20,3.0,0.02,1.5,0.025,-0.010489376314246329,-0.5646439327576249,-0.6716872550327824,0.019769318366168465,89,0.38202247191011235,0.8328114383041775,64.89887640449439
0.005,0.5,50,2.0,0.1,3.0,0.015,-0.005060758561281109,-0.5657734208190969,-0.6443993231099259,0.00806530410053431,49,0.1836734693877551,0.6775398126945915,55.93877551020408
0.015,0.7,50,2.5,0.05,1.5,0.025,-0.009852011890581634,-0.5688809259734664,-0.7026603168106466,0.01774343611354905,99,0.3939393939393939,0.8552336753673656,49.343434343434346
0.015,0.7,50,2.5,0.05,1.5,0.015,-0.005912388126167207,-0.568928168442202,-0.7025702236412247,0.010675921935014035,99,0.3939393939393939,0.8558587703709944,49.343434343434346
0.01,0.7,20,3.0,0.03,1.5,0.02,-0.00889494543889552,-0.5696056323755276,-0.6965319423656288,0.015445944689140241,82,0.3780487804878049,0.794747443569827,70.41463414634147
0.02,0.5,20,2.5,0.05,4.0,0.01,-0.003592908581474912,-0.571560443367442,-0.7031202802039406,0.006046026637443695,43,0.18604651162790697,0.6792001810439133,106.3953488372093
0.01,0.4,20,2.5,0.1,2.5,0.025,-0.009683374594180786,-0.5726010249823958,-0.6833898004744559,0.01633115186221549,48,0.20833333333333334,0.6777209187859963,72.47916666666667
0.01,0.4,50,3.0,0.03,2.0,0.025,-0.011235552541189827,-0.5738839103279456,-0.6919357454201432,0.018535245479417824,66,0.30303030303030304,0.7424978210778167,83.96969696969697
0.01,0.4,50,3.0,0.03,2.0,0.015,-0.0067514749467362705,-0.5743942740120099,-0.6924639571330454,0.011162619167855535,66,0.30303030303030304,0.7423706740186374,83.96969696969697
0.015,0.7,50,2.5,0.02,4.0,0.025,-0.009578446060153074,-0.575730613245091,-0.7766466175147846,0.015230966526018854,52,0.23076923076923078,0.7314783514632475,115.0576923076923
0.015,0.7,20,3.0,0.08,3.0,0.015,-0.00579052665898882,-0.5758142814301285,-0.7064622231964286,0.010551738719319201,39,0.20512820512820512,0.6355514531229234,102.84615384615384
0.005,0.5,50,2.0,0.08,2.0,0.01,-0.003773386815079575,-0.5764994160767615,-0.7489561766679328,0.00620595065916003,95,0.30526315789473685,0.8416543734533148,34.62105263157895
0.02,0.7,20,2.5,0.03,3.0,0.01,-0.004226647656771384,-0.5769240807593659,-0.7375596938996669,0.006968777847080331,65,0.24615384615384617,0.7504592275310381,88.87692307692308
0.015,0.6,20,2.5,0.02,4.0,0.02,-0.007190770646136807,-0.5797947691627401,-0.7277570024271921,0.01231609209186041,46,0.2391304347826087,0.7114398465942898,128.32608695652175
0.005,0.5,50,2.0,0.03,2.5,0.025,-0.01099321215039963,-0.5828595010400571,-0.7357233994232162,0.016413008525809857,109,0.27522935779816515,0.8467827558610943,49.07339449541284
0.005,0.4,50,3.0,0.1,2.5,0.02,-0.007936614115947014,-0.5848911933197773,-0.7473339088885227,0.0133535867330158,38,0.21052631578947367,0.6288105118344904,97.44736842105263
0.01,0.5,20,2.5,0.05,2.5,0.02,-0.008714653588533548,-0.5871350756714071,-0.6841669537459161,0.01437127294552686,64,0.234375,0.7306276011139334,84.8125
0.02,0.5,50,3.0,0.08,3.0,0.025,-0.008374146195775247,-0.5899072427152677,-0.6795334959117578,0.014199202965792326,29,0.1724137931034483,0.5897147818112484,108.79310344827586
0.01,0.7,50,2.0,0.05,3.0,0.02,-0.008321040399634803,-0.5926956922984252,-0.7014161914054212,0.015008614871306579,79,0.22784810126582278,0.7686239746853519,60.0
0.01,0.7,50,2.0,0.05,3.0,0.01,-0.004165488742314046,-0.5929387256188509,-0.701541335069167,0.007531963502563349,79,0.22784810126582278,0.768950276492116,60.0
0.015,0.5,50,3.0,0.03,2.0,0.015,-0.007003154120372492,-0.593290222177773,-0.7501908690435959,0.011186403732528515,68,0.29411764705882354,0.7408931840700641,85.1029411764706
0.01,0.5,50,3.0,0.03,2.0,0.025,-0.011962909459030198,-0.5933245671478138,-0.7587772265518168,0.018822797902682334,67,0.2835820895522388,0.72733478420187,86.5223880597015
0.02,0.6,20,2.0,0.05,2.0,0.015,-0.005758381563873263,-0.5942528639746927,-0.7436014798985997,0.010081823581360788,113,0.3185840707964602,0.8871486524523506,39.716814159292035
0.015,0.6,50,3.0,0.05,2.5,0.01,-0.004083947896769096,-0.5957949568450075,-0.7647402918111921,0.006045201335405267,54,0.2777777777777778,0.7175520484933998,94.24074074074075
0.02,0.4,20,3.0,0.05,3.0,0.02,-0.007320124925637647,-0.5968493010709773,-0.702484929565552,0.013221642922123194,41,0.21951219512195122,0.6971412087795349,91.8780487804878
0.01,0.6,50,2.5,0.1,2.5,0.01,-0.0037057111383863956,-0.5982616655546443,-0.7056064545476164,0.005258289704208832,48,0.20833333333333334,0.6677869386821292,58.625
0.015,0.4,20,2.5,0.02,2.0,0.015,-0.00641482585623322,-0.599430173031393,-0.7237403527016562,0.012295474921410114,83,0.3132530120481928,0.7924328473784825,69.33734939759036
0.015,0.5,50,2.5,0.08,1.5,0.02,-0.007068403156647401,-0.5997537870114453,-0.6068615906913425,0.012087427133825912,64,0.359375,0.7644173464882035,47.34375
0.01,0.7,50,2.5,0.02,4.0,0.01,-0.003941872698850493,-0.5999516943390948,-0.8352648806173477,0.005691401693035845,48,0.1875,0.6859760378266918,124.89583333333333
0.005,0.4,20,2.0,0.1,2.5,0.02,-0.007728026349000865,-0.6003500826719931,-0.68955463557912,0.011516371834195903,60,0.25,0.703683705546374,50.28333333333333
0.015,0.5,20,2.5,0.02,3.0,0.02,-0.008006729029623093,-0.6006036367288758,-0.7338152368027137,0.012167119854230413,62,0.22580645161290322,0.7479324490802679,95.6774193548387
0.01,0.4,50,2.5,0.1,1.5,0.015,-0.00566393405990515,-0.6021213865024214,-0.7087723698627447,0.009756439165148182,68,0.36764705882352944,0.7689282305427203,46.14705882352941
0.015,0.7,20,2.0,0.05,3.0,0.015,-0.0063731025999852866,-0.6026472232541348,-0.7426399887209073,0.011431905304585328,83,0.24096385542168675,0.7763845780090537,59.397590361445786
0.01,0.5,20,3.0,0.1,3.0,0.025,-0.010216807192731213,-0.6049521474925383,-0.7728572565477125,0.016662126431160783,34,0.14705882352941177,0.5466135765409511,103.70588235294117
0.005,0.4,50,2.0,0.02,4.0,0.025,-0.012772415287499462,-0.6084264361410731,-0.735461779302036,0.020262336850726727,81,0.19753086419753085,0.737741357854646,70.8641975308642
0.015,0.7,50,3.0,0.03,1.5,0.025,-0.011918705738958525,-0.6084960989200419,-0.7606255860068317,0.020571633356097758,78,0.38461538461538464,0.7574045478136731,73.16666666666667
0.02,0.7,20,2.0,0.05,3.0,0.01,-0.004397267005206085,-0.6091883666876099,-0.7341521684119028,0.00796092741884894,81,0.2345679012345679,0.7599152871925531,63.82716049382716
0.015,0.7,20,2.0,0.08,2.5,0.015,-0.005390766097390442,-0.6094748283319921,-0.7159060165438732,0.008475746598023071,67,0.2537313432835821,0.7548239971648123,49.47761194029851
0.02,0.4,50,3.0,0.05,3.0,0.01,-0.003812423597704328,-0.6095732395729978,-0.7045018931953048,0.006808787701402599,39,0.20512820512820512,0.6708663113946989,95.6923076923077
0.005,0.6,50,2.0,0.1,2.5,0.01,-0.00363585231702411,-0.6123150058369706,-0.684472890888656,0.004905603174820884,59,0.23728813559322035,0.6973547251750571,47.08474576271186
0.015,0.7,50,2.0,0.03,4.0,0.025,-0.011747387267134472,-0.6126286028176882,-0.796496365465941,0.017776316259173003,77,0.2077922077922078,0.745402417197052,73.79220779220779
0.005,0.7,20,2.0,0.03,3.0,0.01,-0.005107700956697518,-0.6137454995005612,-0.7616787647905561,0.007869002537780586,86,0.2441860465116279,0.7364868769112127,66.45348837209302
0.02,0.7,50,2.5,0.05,1.5,0.01,-0.004293163889577554,-0.6162863388002564,-0.7499662646680393,0.007239511244577816,101,0.38613861386138615,0.8404570503393909,48.2970297029703
0.005,0.4,50,2.5,0.1,2.5,0.01,-0.004360155929262401,-0.6204060571104072,-0.6975976705272339,0.00711544434367277,45,0.2,0.6101738050442533,77.31111111111112
0.01,0.5,50,2.5,0.05,2.5,0.02,-0.009206115426190226,-0.6204667768111226,-0.7276602111820918,0.014484622899250654,64,0.234375,0.7126639117924731,81.796875
0.02,0.5,50,3.0,0.02,2.5,0.01,-0.0036755527599215566,-0.6217107021240207,-0.7704283148412228,0.005698855716230172,54,0.25925925925925924,0.7633090348618323,110.42592592592592
0.015,0.4,20,2.0,0.02,2.5,0.01,-0.0046114808298216665,-0.6227456690594267,-0.7485251822197561,0.007521315880594359,107,0.2803738317757009,0.8307010352447245,54.074766355140184
0.01,0.6,50,2.5,0.02,1.5,0.02,-0.009047223903984413,-0.624124457619082,-0.7708460938440688,0.016567895606931483,120,0.38333333333333336,0.8680908972855379,46.75833333333333
0.015,0.7,20,3.0,0.08,2.5,0.01,-0.004122688300989393,-0.6259625044620969,-0.746348149712623,0.006568413628330163,42,0.21428571428571427,0.6287991157530272,95.80952380952381
0.02,0.5,50,2.5,0.02,1.5,0.015,-0.0062288000514150186,-0.626918678635456,-0.7104148321702393,0.009033048581504525,115,0.3826086956521739,0.883687439976474,49.6
0.01,0.5,50,2.5,0.1,1.5,0.025,-0.009420870229401189,-0.6280922791008129,-0.7008255293898189,0.01383342623842615,65,0.3384615384615385,0.743831780745288,42.0
0.01,0.5,50,2.5,0.05,1.5,0.015,-0.006752419195803813,-0.6298712586482864,-0.7595678967084709,0.01079925670765756,100,0.37,0.826909013547235,43.6
0.01,0.5,50,2.5,0.05,1.5,0.025,-0.011249362052345387,-0.6300471934518499,-0.7597173308020451,0.017950708410082263,100,0.37,0.8266801759275642,43.6
0.01,0.5,20,3.0,0.03,2.5,0.01,-0.004659758384522574,-0.6310177170939241,-0.7973933614662205,0.006669899831405558,56,0.25,0.6939883495741086,103.60714285714286
0.02,0.7,50,3.0,0.02,1.5,0.02,-0.010036534729297419,-0.6387926910627709,-0.7810578431915465,0.017896335120052974,71,0.36619718309859156,0.7158585247800954,82.84507042253522
0.01,0.4,50,2.5,0.02,1.5,0.025,-0.012726219864418235,-0.6389623548190573,-0.7220496489487171,0.021692529603390062,118,0.3728813559322034,0.8348097629462937,47.813559322033896
0.02,0.7,50,3.0,0.05,1.5,0.025,-0.012152400598367967,-0.6390051096423757,-0.7478340905682057,0.018966292321359737,70,0.38571428571428573,0.710380208998436,73.37142857142857
0.015,0.4,50,3.0,0.08,4.0,0.02,-0.008367411725471174,-0.6408810123820792,-0.7526795788573282,0.012757384566302932,27,0.14814814814814814,0.43053386191440596,129.77777777777777
0.015,0.7,20,2.5,0.05,3.0,0.025,-0.011339659214041604,-0.6409156327676719,-0.7777318320106369,0.018137056727951836,64,0.265625,0.7091101317646955,81.859375
0.005,0.7,50,2.0,0.05,1.5,0.025,-0.0108875999326921,-0.6432884401359867,-0.8136697381196483,0.01711829145291597,142,0.4084507042253521,0.8980389876588409,31.8943661971831
0.01,0.6,50,2.0,0.1,4.0,0.015,-0.005888221315183182,-0.6443121893185045,-0.7367015129904801,0.00823133082833382,44,0.13636363636363635,0.5665708109727796,65.22727272727273
0.02,0.7,20,3.0,0.03,2.0,0.01,-0.005166957335768093,-0.6483686513942789,-0.8046775324554941,0.009338317347157536,60,0.2833333333333333,0.6743695771834043,96.8
0.005,0.6,20,2.0,0.03,3.0,0.025,-0.01304364245929668,-0.6539232375530838,-0.7455481265286709,0.019064944581435064,93,0.23655913978494625,0.7525410682203689,58.97849462365591
0.005,0.6,20,2.0,0.03,3.0,0.01,-0.005229659612554096,-0.6540302545809862,-0.7453537456030723,0.00766331168850095,93,0.23655913978494625,0.7532785504249263,58.97849462365591
0.01,0.6,50,2.5,0.1,3.0,0.01,-0.004142556324048928,-0.6544218726617202,-0.7712938843771124,0.005750805811567105,39,0.15384615384615385,0.5467791413414391,73.48717948717949
0.005,0.4,50,2.0,0.1,2.0,0.025,-0.010270417802264856,-0.6558814337093809,-0.7697437522630388,0.01507341889756377,76,0.3026315789473684,0.7536411034346023,38.776315789473685
0.005,0.5,50,2.5,0.05,1.5,0.01,-0.005034392584737652,-0.6560703061228192,-0.7549777976629546,0.007756722521355833,101,0.3564356435643564,0.7949602449409182,46.039603960396036
0.01,0.7,50,2.0,0.05,4.0,0.015,-0.006836335184524942,-0.6575982835806603,-0.8025797302204762,0.012101001996172249,64,0.1875,0.6789256210188961,75.375
0.02,0.5,20,3.0,0.02,2.0,0.01,-0.004199284119539807,-0.6638304549591668,-0.7829422701793793,0.00797166135867696,63,0.2857142857142857,0.7585130335607608,94.22222222222223
0.02,0.5,20,3.0,0.02,2.0,0.015,-0.0062954832891614935,-0.6638348033910144,-0.7829685455120609,0.011936463446452767,63,0.2857142857142857,0.7584428797631826,94.22222222222223
0.015,0.4,50,2.5,0.08,4.0,0.025,-0.010700397173514793,-0.6663124656831275,-0.7897142290058986,0.015789817832415426,33,0.15151515151515152,0.4706085989123547,102.57575757575758
0.01,0.7,50,2.0,0.02,2.0,0.02,-0.010879905863929744,-0.6682318310959889,-0.8624294783082334,0.015860378951721217,128,0.3203125,0.8180587175813473,44.6171875
0.02,0.7,50,2.5,0.05,4.0,0.025,-0.011234864755758026,-0.6715094215929358,-0.8679765279143817,0.017767593733241806,59,0.2033898305084746,0.7075856531239031,86.22033898305085
0.02,0.5,20,2.0,0.02,2.5,0.025,-0.011489304844205763,-0.6724676956461831,-0.7887986139812732,0.01765826043608471,105,0.2761904761904762,0.8252068659023547,55.180952380952384
0.015,0.7,50,3.0,0.05,2.5,0.015,-0.007593918340819655,-0.672609638637221,-0.826778102393049,0.011520287424604392,51,0.29411764705882354,0.6240019009270422,102.11764705882354
0.015,0.4,20,3.0,0.03,4.0,0.02,-0.01013093769190542,-0.6737717917466199,-0.7436986993132474,0.014782013337852987,37,0.1891891891891892,0.5250718020595401,156.05405405405406
0.02,0.7,20,2.5,0.03,2.0,0.015,-0.008062150987192436,-0.6745885616603572,-0.7799529659476255,0.013887302108392693,81,0.30864197530864196,0.7112639164285717,70.14814814814815
0.015,0.7,50,2.0,0.03,2.0,0.01,-0.005337992497479572,-0.6774175297397612,-0.8633194607654758,0.008210243638631608,120,0.325,0.8049592322083533,44.78333333333333
0.01,0.5,20,2.5,0.05,1.5,0.025,-0.011995782314990211,-0.6788523533523789,-0.8006246999776926,0.018132032797911153,102,0.3627450980392157,0.8128355325195157,44.55882352941177
0.02,0.7,50,2.0,0.05,3.0,0.025,-0.01186103151522082,-0.6822974571490743,-0.8099588339518138,0.01898833304459081,81,0.2222222222222222,0.7303599851520512,59.876543209876544
0.02,0.6,20,2.5,0.02,4.0,0.02,-0.00772475075054841,-0.6846883821722388,-0.8935270300914366,0.013687057055050269,48,0.22916666666666666,0.7006175479175507,124.45833333333333
0.015,0.6,50,3.0,0.05,1.5,0.025,-0.012061898217584821,-0.6855522397020006,-0.806202300189301,0.01770242080296241,79,0.379746835443038,0.7578049473728757,59.64556962025316
0.015,0.6,50,3.0,0.05,2.0,0.025,-0.011867816535603197,-0.6884984869871842,-0.8934302987156043,0.01609465235843633,60,0.3,0.6835315011361686,84.16666666666667
0.005,0.6,50,2.0,0.03,3.0,0.025,-0.013660310376147245,-0.6887813385354226,-0.7884608970255415,0.020050121297108557,92,0.22826086956521738,0.731171391647303,57.858695652173914
0.005,0.4,20,2.0,0.05,3.0,0.015,-0.008756849113914649,-0.6897870373649195,-0.8073870062016753,0.012298538466476779,86,0.19767441860465115,0.6908866513610471,62.48837209302326
0.015,0.7,50,3.0,0.05,2.0,0.01,-0.005352769844653085,-0.690563964086784,-0.8207169095407751,0.007867632518100342,63,0.31746031746031744,0.6642055032910785,81.44444444444444
0.02,0.7,50,3.0,0.02,3.0,0.01,-0.004971431492015254,-0.6912834076483719,-0.8881808272145997,0.007728072487424568,50,0.24,0.666069445407206,119.92
0.015,0.5,50,3.0,0.08,3.0,0.02,-0.008706274368098529,-0.691558353348613,-0.8031756112009685,0.01358024149994716,34,0.17647058823529413,0.5219394143522121,110.94117647058823
0.01,0.6,20,2.0,0.02,2.5,0.025,-0.012557856072077848,-0.6920006994015288,-0.8421517279469872,0.02070605028215925,115,0.2782608695652174,0.8232330531495456,49.608695652173914
0.01,0.6,20,2.0,0.02,2.5,0.01,-0.005033664844286395,-0.6920868987786628,-0.8421743589364206,0.0083311645550885,115,0.2782608695652174,0.8236148619837544,49.608695652173914
0.02,0.7,50,2.0,0.03,2.0,0.01,-0.005418255408694968,-0.6928010502649631,-0.866395102595031,0.00786815818423846,118,0.3135593220338983,0.7946366171089023,45.02542372881356
0.02,0.5,50,3.0,0.05,2.5,0.01,-0.004553195267491392,-0.6934379046645388,-0.830363524397402,0.006815277479032161,42,0.21428571428571427,0.5986246463383535,108.5
0.01,0.6,50,2.0,0.02,2.5,0.02,-0.010282048546905717,-0.6942658201936055,-0.8499164195821141,0.01643014727788293,116,0.27586206896551724,0.8184802119317245,48.86206896551724
0.01,0.4,20,2.0,0.02,3.0,0.02,-0.011143560953100822,-0.6949103313295458,-0.760859599864223,0.01684727777978331,107,0.22429906542056074,0.7783266111229772,54.018691588785046
0.005,0.5,50,3.0,0.02,2.0,0.01,-0.005005227854007535,-0.6971602034491492,-0.8764239551253733,0.007142749223810842,71,0.28169014084507044,0.731122821526968,81.94366197183099
0.02,0.4,50,2.5,0.08,2.5,0.01,-0.0040623395040040484,-0.6998719354867134,-0.7418538327586176,0.006041418035286623,45,0.2,0.6545634853420474,56.6
0.015,0.7,50,2.0,0.03,2.5,0.02,-0.01087343246780205,-0.7020276401562301,-0.8552100329636408,0.017487395789947343,94,0.26595744680851063,0.7284817212805571,59.42553191489362
0.02,0.5,50,3.0,0.03,1.5,0.01,-0.004801588401045155,-0.7069301024369451,-0.8790304096993488,0.007334687943257965,81,0.345679012345679,0.7674584135202607,68.09876543209876
0.005,0.5,20,2.5,0.03,1.5,0.02,-0.011152086754375196,-0.7110201137351155,-0.8726162470559198,0.014067356831117594,120,0.3416666666666667,0.813328119143893,45.36666666666667
0.015,0.6,20,3.0,0.02,1.5,0.015,-0.007347924151238112,-0.7124842176838148,-0.8693048758158817,0.013017391714769183,82,0.36585365853658536,0.7712961159812453,71.02439024390245
0.02,0.4,50,2.0,0.02,2.5,0.01,-0.004870650893371349,-0.715990427806767,-0.8459948214434547,0.00756623169561639,102,0.2647058823529412,0.8018170197325358,55.23529411764706
0.01,0.7,20,2.5,0.03,2.0,0.015,-0.00874850864982509,-0.7175224049468149,-0.8513469228094175,0.014433557960883735,81,0.2962962962962963,0.6848157599916437,70.81481481481481
0.01,0.4,20,2.0,0.02,4.0,0.015,-0.008234030201544229,-0.7191638628129599,-0.8293528849692627,0.011728704420421765,87,0.1839080459770115,0.7271873917772398,66.79310344827586
0.02,0.6,50,2.0,0.03,2.0,0.025,-0.013151875742713455,-0.7202702058941927,-0.8871653860964789,0.01923103548097567,122,0.3114754098360656,0.8153976871018354,43.0
0.015,0.6,20,2.0,0.05,3.0,0.02,-0.010167687713235209,-0.7261664200058,-0.8600187405057751,0.013668184241645736,88,0.23863636363636365,0.7323423731804404,57.23863636363637
0.005,0.4,20,2.0,0.03,3.0,0.025,-0.014820595883365168,-0.7289191419186735,-0.837275634162279,0.020454085069127166,101,0.2079207920792079,0.7398942252010213,55.34653465346535
0.005,0.5,50,2.0,0.08,1.5,0.01,-0.004594432464261044,-0.7289597188276947,-0.9395792938533779,0.006485150872929373,121,0.371900826446281,0.8394519517920859,26.59504132231405
0.015,0.5,20,3.0,0.03,3.0,0.025,-0.013621470318840876,-0.7339937614645052,-0.8904569589415686,0.01946156079421976,54,0.2037037037037037,0.630110874359932,107.61111111111111
0.015,0.5,20,2.0,0.02,2.5,0.015,-0.007999284269622002,-0.7363462567003761,-0.8759447706086577,0.011417692157044813,109,0.26605504587155965,0.7896315200917842,53.54128440366973
0.01,0.5,50,2.0,0.03,3.0,0.025,-0.01476925913214087,-0.7387467688439534,-0.9204173347340857,0.020815643211123627,104,0.21153846153846154,0.7494305643285945,53.32692307692308
0.02,0.4,50,3.0,0.05,2.0,0.01,-0.004620491111062147,-0.7397054004444626,-0.8482716617543653,0.006463375469701284,49,0.24489795918367346,0.6562847800383017,72.63265306122449
0.015,0.7,20,2.0,0.05,4.0,0.02,-0.010059134247905313,-0.7408996799137961,-0.9430864226606774,0.015338226308369588,70,0.18571428571428572,0.66623378958084,72.38571428571429
0.01,0.5,50,2.0,0.05,2.0,0.02,-0.010540604365047621,-0.7416680978339919,-0.9147510150942882,0.01529961491966236,123,0.3089430894308943,0.8209327070151281,34.83739837398374
0.005,0.7,50,2.0,0.02,1.5,0.025,-0.014634716702312872,-0.7436486270396565,-0.9564748259625616,0.018435545550160286,185,0.4,0.8915033052693782,30.47027027027027
0.005,0.7,20,3.0,0.05,2.0,0.015,-0.008498391354768828,-0.7468415661560798,-0.9113288112605128,0.01261095459501509,66,0.30303030303030304,0.6590169711888672,78.34848484848484
0.005,0.6,50,2.0,0.02,3.0,0.01,-0.006166932736022427,-0.7488122514675606,-0.8732746212080993,0.00903080199968955,102,0.21568627450980393,0.7267587760989609,55.990196078431374
0.015,0.5,20,2.5,0.03,4.0,0.025,-0.013492777317142754,-0.7561955530543293,-0.932140583904675,0.017080395892918408,56,0.19642857142857142,0.6089682108711826,102.73214285714286
0.005,0.5,20,2.0,0.05,3.0,0.015,-0.009073387085585563,-0.7647588246570485,-0.8778458937037572,0.011763538183217036,91,0.2087912087912088,0.6907620803099189,55.78021978021978
0.005,0.4,50,2.0,0.05,2.0,0.01,-0.006013276929439744,-0.7648274911371734,-0.9097791537805744,0.007649959463210178,116,0.28448275862068967,0.7641951918412146,39.23275862068966
0.005,0.5,20,2.0,0.03,3.0,0.02,-0.012960223641753837,-0.768286674772743,-0.9344957908581925,0.016132583825921698,104,0.20192307692307693,0.7155835663400969,53.65384615384615
0.02,0.4,20,2.0,0.08,1.5,0.01,-0.004327991876357555,-0.7699355558095021,-0.8802675804614014,0.006103964980786404,96,0.375,0.8004222131455323,24.5
0.02,0.6,50,3.0,0.02,1.5,0.01,-0.004915417331829231,-0.7776757259489459,-0.9265288012861393,0.009103011340538385,79,0.35443037974683544,0.7602552245770035,74.0253164556962
0.02,0.5,50,3.0,0.05,2.0,0.02,-0.010337707638033607,-0.7798545355529113,-0.9221624821128807,0.014614884495217192,50,0.24,0.6011354518268822,90.42
0.02,0.5,50,2.5,0.03,4.0,0.02,-0.010273207192195696,-0.7814178753575728,-0.9927078882839148,0.014545823396831307,61,0.19672131147540983,0.6547873066813441,91.01639344262296
0.015,0.4,50,2.0,0.1,1.5,0.025,-0.009643266112819546,-0.7823494257457421,-0.8840154856680266,0.013319432514442574,89,0.3707865168539326,0.8054422806425304,26.179775280898877
0.015,0.4,50,2.0,0.1,1.5,0.01,-0.0038644969998367015,-0.7827460912735229,-0.8843417944793955,0.005346520624195206,89,0.3707865168539326,0.8051471743580935,26.179775280898877
0.015,0.7,20,2.0,0.02,3.0,0.025,-0.015037612701006583,-0.7866214848880068,-0.9289123920881437,0.01902156587719965,93,0.22580645161290322,0.6966985742389875,63.376344086021504
0.02,0.7,20,2.5,0.02,2.0,0.015,-0.009611121524915653,-0.7915468556904083,-0.9479799692247328,0.014485534673730203,88,0.29545454545454547,0.6786762960044161,67.39772727272727
0.01,0.4,50,2.0,0.03,2.0,0.01,-0.005972540993144794,-0.791580689088303,-0.9302528759235887,0.008051557597197468,128,0.3046875,0.7946399262278131,41.140625
0.005,0.5,20,2.0,0.03,2.0,0.02,-0.012041993474946795,-0.7916783038784817,-0.9667795760912193,0.015448545006662009,129,0.2868217054263566,0.7901890687337499,41.31782945736434
0.01,0.5,20,2.0,0.05,2.0,0.01,-0.005756410522064834,-0.8087306768828824,-0.9721570888988683,0.007722332078237889,127,0.30708661417322836,0.8038877963449541,34.67716535433071
0.02,0.6,20,2.0,0.03,1.5,0.025,-0.013631701983058884,-0.8256415705156387,-1.055108913776477,0.02086360238606723,180,0.39444444444444443,0.9047879810992501,28.97222222222222
0.005,0.5,50,2.0,0.02,4.0,0.01,-0.006328944089102297,-0.8317804304667599,-0.9981539352603827,0.008275937963015425,94,0.18085106382978725,0.7044950612673638,60.47872340425532
0.02,0.7,20,2.0,0.02,4.0,0.01,-0.005866028315038566,-0.8338472666353565,-1.070038752940001,0.008275811390740045,74,0.17567567567567569,0.6337798225353514,80.60810810810811
0.005,0.4,20,2.0,0.02,2.0,0.02,-0.01369690176320175,-0.8340156918094747,-0.9522565555340916,0.01818185294895848,149,0.28859060402684567,0.7933915804402468,37.95973154362416
0.015,0.4,50,2.0,0.08,2.5,0.01,-0.005095195751615393,-0.8369593750161319,-0.9041543488364858,0.007273384373272554,67,0.22388059701492538,0.6232309377821867,43.582089552238806
0.01,0.5,20,2.0,0.02,2.0,0.02,-0.0124864468212254,-0.8402918845981553,-0.999739531707436,0.017073086913419484,149,0.3087248322147651,0.8240320629346042,37.624161073825505
0.015,0.5,50,2.0,0.03,2.5,0.01,-0.006131004734430317,-0.840333330143517,-1.0045512052017285,0.008502685400462779,111,0.25225225225225223,0.743937963954701,48.693693693693696
0.02,0.4,20,2.0,0.05,2.0,0.01,-0.00523199675704629,-0.8444111199182686,-0.9198732648499052,0.007053180944075569,90,0.26666666666666666,0.7418912841277626,37.71111111111111
0.02,0.4,50,2.0,0.05,1.5,0.015,-0.00759860139041426,-0.8497877939662718,-1.008051439880702,0.009621102269983103,126,0.373015873015873,0.8363440347846735,24.333333333333332
0.01,0.4,50,2.0,0.02,2.0,0.015,-0.010126145737890765,-0.8503558619885939,-0.9553605108677498,0.014158647929357709,137,0.291970802919708,0.774971098456913,40.693430656934304
0.015,0.4,50,3.0,0.05,2.0,0.01,-0.005873398597563646,-0.8505548863476627,-0.9808319734599865,0.007457867250589501,55,0.23636363636363636,0.5936703628971937,77.52727272727273
0.015,0.5,50,3.0,0.05,2.0,0.025,-0.014808004972136695,-0.8507493758415583,-1.0273606827941075,0.01962946042078664,54,0.24074074074074073,0.5651955896369188,93.5
0.005,0.6,50,2.0,0.02,4.0,0.025,-0.015698744904426857,-0.8510647487249461,-1.0488179422172927,0.01950778462177206,92,0.18478260869565216,0.6880229945251577,62.358695652173914
0.015,0.7,50,2.5,0.02,2.0,0.025,-0.017327049212993443,-0.8518451080856311,-1.0364057413197323,0.02409140356224728,94,0.2978723404255319,0.6672592007583122,62.87234042553192
0.01,0.7,50,2.0,0.03,3.0,0.015,-0.01024082698520535,-0.8532041961543159,-1.099375146894244,0.014644317242979666,99,0.2222222222222222,0.676950978788641,55.54545454545455
0.01,0.7,20,2.5,0.02,2.0,0.01,-0.006872051371676353,-0.8561690385981284,-1.0203734367044268,0.00974734080514862,91,0.2857142857142857,0.6616460929912017,64.86813186813187
0.015,0.5,50,3.0,0.03,2.5,0.02,-0.012597235055434284,-0.8578653892504514,-1.0760465472191598,0.016207345186011433,62,0.22580645161290322,0.6050262642828828,92.62903225806451
0.02,0.5,20,2.5,0.05,3.0,0.015,-0.008408592943074182,-0.8584327790111357,-1.0046713919440966,0.012015799464942219,61,0.18032786885245902,0.6402704023419586,73.81967213114754
0.02,0.7,50,2.0,0.03,3.0,0.015,-0.010092198461610096,-0.8633181434199917,-1.0689075529742735,0.014331983228111854,95,0.22105263157894736,0.6680373496053286,58.38947368421053
0.01,0.4,50,2.0,0.1,1.5,0.01,-0.005026993961036787,-0.8705010513349495,-1.0436500209254345,0.006642759634402579,107,0.3644859813084112,0.7774641044551173,26.542056074766354
0.015,0.5,50,2.0,0.02,4.0,0.02,-0.011324414729996206,-0.8709417730373424,-1.0552669862039439,0.01406961288489247,93,0.1935483870967742,0.743859774792059,62.645161290322584
0.015,0.4,50,2.0,0.05,2.0,0.025,-0.01423363241010229,-0.877279623675867,-0.9487608889189383,0.018019135169050758,98,0.2653061224489796,0.7303372389163912,37.57142857142857
0.02,0.4,50,2.0,0.08,3.0,0.015,-0.007802665175801521,-0.8817995954280249,-0.9071813276870511,0.010582092872063817,61,0.18032786885245902,0.6136086397697111,41.16393442622951
0.015,0.4,20,2.5,0.03,2.5,0.02,-0.012345165353620395,-0.8895541109845488,-1.0811602876777426,0.01630597799801589,75,0.24,0.6477592145896524,74.68
0.015,0.4,20,2.0,0.08,1.5,0.015,-0.008136172332638235,-0.8970635133548168,-1.0359133715300113,0.010441851237368596,109,0.3577981651376147,0.7555436172950583,25.65137614678899
0.015,0.4,20,2.0,0.05,2.0,0.01,-0.005909712346903252,-0.9031432820278537,-0.9843440028130113,0.007681276438659729,98,0.2653061224489796,0.7220848994878983,39.16326530612245
0.015,0.7,50,2.0,0.02,3.0,0.01,-0.00706866078327861,-0.906641135974843,-1.0990024823238527,0.008645278357447717,96,0.20833333333333334,0.637349032937798,61.197916666666664
0.015,0.4,50,2.0,0.02,2.0,0.025,-0.01697662825233856,-0.9088208619246968,-1.0602161956710157,0.021260058292493236,134,0.291044776119403,0.766438979641137,41.88059701492537
0.005,0.4,20,2.0,0.03,2.0,0.025,-0.018758909143811908,-0.9176874358957797,-1.0300509659579178,0.022745297117893176,148,0.28378378378378377,0.7586273676017944,36.75
0.015,0.7,50,2.0,0.03,3.0,0.01,-0.007264372858813295,-0.9276385198896367,-1.1758092568276857,0.009941108554910923,100,0.22,0.6551796766345177,55.57
0.01,0.4,20,2.0,0.03,2.0,0.02,-0.014654496813486767,-0.9539834276055316,-1.0950386613275112,0.018876175718144865,147,0.2857142857142857,0.7664172386273297,35.945578231292515
0.01,0.6,50,2.0,0.03,1.5,0.025,-0.017053512187841843,-0.9551537747358563,-1.1842627651951987,0.022207751398397462,182,0.3791208791208791,0.8430574346801278,27.67032967032967
0.02,0.4,20,3.0,0.03,2.5,0.01,-0.0062445819182445125,-0.9552427100610854,-1.1271477290401257,0.008132064237157212,60,0.25,0.6115776094466977,91.65
0.01,0.4,20,2.0,0.05,1.5,0.02,-0.014175200647974125,-0.9627372588450679,-1.1663119759501748,0.017406307945201024,161,0.37267080745341613,0.7964711386265716,25.366459627329192
0.02,0.4,50,2.0,0.03,2.0,0.025,-0.01596530195516636,-0.9660385801661334,-1.1718110963224657,0.01931084288263219,121,0.2892561983471074,0.7589172807987229,41.51239669421488
0.005,0.6,20,2.0,0.02,1.5,0.01,-0.007144138323093066,-0.9696750947602504,-1.2303233006252452,0.008972436406428641,197,0.38578680203045684,0.8510959928640378,28.304568527918782
0.015,0.5,20,2.0,0.02,3.0,0.015,-0.0106604567895754,-0.9717427005003526,-1.1211831118380842,0.013008505533883505,111,0.2072072072072072,0.7016148429574419,52.77477477477478
0.02,0.6,50,2.0,0.02,1.5,0.015,-0.01049333951438297,-0.9734387820077345,-1.2130358126913392,0.014830188283863645,193,0.38860103626943004,0.8537751107228064,29.440414507772022
0.015,0.5,20,2.0,0.05,1.5,0.02,-0.01286101250698266,-0.977696239343439,-1.2034569773641282,0.016041818033161265,149,0.3624161073825503,0.8013884764481417,26.08053691275168
0.015,0.4,50,2.0,0.05,3.0,0.025,-0.017524976352515223,-0.9874625868584486,-1.0333957189459506,0.021908087977844,84,0.16666666666666666,0.5996073201890636,46.904761904761905
0.015,0.7,50,2.0,0.02,4.0,0.01,-0.007321547492584505,-1.0101100489723955,-1.3015229857655313,0.009509146712985365,84,0.16666666666666666,0.587036436308159,69.73809523809524
0.02,0.4,50,2.0,0.02,4.0,0.015,-0.010080891001131676,-1.0160258618224174,-1.2069910732684546,0.012735169286757945,87,0.1839080459770115,0.6609094304444575,65.14942528735632
0.015,0.5,50,2.5,0.03,1.5,0.01,-0.007368676922077721,-1.0248977067475031,-1.2449788383849545,0.008501248620266053,119,0.3277310924369748,0.7224152891740682,45.63025210084034
0.015,0.6,50,2.0,0.02,2.5,0.025,-0.01941877155470589,-1.0304233721484604,-1.2150143322280835,0.025430598720520177,124,0.25,0.6860563863512508,46.29032258064516
0.015,0.4,50,2.0,0.05,1.5,0.025,-0.016564171326187063,-1.038840381599452,-1.2409047166440468,0.018384291283405702,142,0.352112676056338,0.7795232176475618,24.41549295774648
0.015,0.4,20,2.5,0.03,1.5,0.01,-0.00766617309860274,-1.0392722107780987,-1.1969512629157717,0.00904400655369407,114,0.32456140350877194,0.6987053932209423,47.79824561403509
0.015,0.6,50,2.0,0.02,2.0,0.01,-0.007593995034534018,-1.039902003832797,-1.3441046880864713,0.009810441878356347,142,0.29577464788732394,0.7408797667462268,40.26056338028169
0.015,0.5,20,2.0,0.03,2.0,0.015,-0.011230915392060998,-1.0559032385844151,-1.3104374094242628,0.01332085070301401,127,0.2677165354330709,0.7103327763882026,43.37795275590551
0.015,0.5,50,2.0,0.05,3.0,0.015,-0.01155232923828502,-1.0912407183429758,-1.2311084032749688,0.013334971675810275,97,0.18556701030927836,0.6132447765639305,47.402061855670105
0.02,0.4,20,3.0,0.03,3.0,0.015,-0.010933559778907948,-1.092278266034597,-1.3233375336731252,0.01217573634295546,65,0.2,0.5852861124915538,83.83076923076923
0.015,0.4,50,2.0,0.03,4.0,0.025,-0.020380214894311067,-1.1624548741285519,-1.4098443847657873,0.023230977653523752,91,0.15384615384615385,0.5865517477630955,59.05494505494506
0.015,0.4,50,2.0,0.03,4.0,0.02,-0.016335428959345446,-1.1624957186260123,-1.4099058958544752,0.018625541410067108,91,0.15384615384615385,0.5866228094764274,59.05494505494506
0.015,0.4,20,2.0,0.02,1.5,0.025,-0.020821820196754708,-1.172965719542655,-1.4396303425254136,0.024101053763452663,202,0.36633663366336633,0.8124566332483238,27.02970297029703
0.02,0.4,20,2.0,0.03,4.0,0.025,-0.020912357676959217,-1.2403924528024903,-1.4513413855191688,0.023988300487734263,88,0.14772727272727273,0.5611578721144355,60.43181818181818
0.02,0.4,20,2.0,0.03,4.0,0.02,-0.01676319211283495,-1.2404141060253433,-1.451326785111186,0.019235329066283353,88,0.14772727272727273,0.5613129029559936,60.43181818181818
